method,seed,ood_level,episode,steps,ep_return,success,failures_detected,recoveries_attempted,recoveries_succeeded,safety_violations,time_to_recover,planning_ms
random,0,0.0,0,58,-61.980506707983515,0,0,0,0,0,-1.0,0.0
random,0,0.0,1,38,-76.343554948084,0,0,0,0,0,-1.0,0.0
random,0,0.0,2,41,-79.42486755647897,0,0,0,0,0,-1.0,0.0
random,0,0.0,3,43,-70.60837638775494,0,0,0,0,0,-1.0,0.0
random,0,0.0,4,68,-63.76754335274987,0,0,0,0,0,-1.0,0.0
random,0,0.0,5,46,-76.48545464130243,0,0,0,0,0,-1.0,0.0
random,0,0.0,6,36,-75.02227219441423,0,0,0,0,0,-1.0,0.0
random,0,0.0,7,51,-15.029976577554677,0,0,0,0,0,-1.0,0.0
random,0,0.0,8,36,-74.82093394411942,0,0,0,0,0,-1.0,0.0
random,0,0.0,9,43,20.065511806318824,0,0,0,0,0,-1.0,0.0
random,0,0.5,0,52,-65.59175670105606,0,0,0,0,0,-1.0,0.0
random,0,0.5,1,36,-77.15312230286104,0,0,0,0,0,-1.0,0.0
random,0,0.5,2,38,-81.4549866484492,0,0,0,0,0,-1.0,0.0
random,0,0.5,3,57,-58.78377466970772,0,0,0,0,0,-1.0,0.0
random,0,0.5,4,51,-75.55800948900253,0,0,0,0,0,-1.0,0.0
random,0,0.5,5,39,-81.96531158894746,0,0,0,0,0,-1.0,0.0
random,0,0.5,6,23,-85.31506937953533,0,0,0,0,0,-1.0,0.0
random,0,0.5,7,35,-74.40230304102823,0,0,0,0,0,-1.0,0.0
random,0,0.5,8,36,-72.48222744973076,0,0,0,0,0,-1.0,0.0
random,0,0.5,9,58,-52.21033112131787,0,0,0,0,0,-1.0,0.0
random,0,1.0,0,51,-66.73898238891924,0,0,0,0,0,-1.0,0.0
random,0,1.0,1,32,-79.7361747161748,0,0,0,0,0,-1.0,0.0
random,0,1.0,2,37,-81.66665645514107,0,0,0,0,0,-1.0,0.0
random,0,1.0,3,65,-54.21444078173805,0,0,0,0,0,-1.0,0.0
random,0,1.0,4,46,-76.08248542693207,0,0,0,0,0,-1.0,0.0
random,0,1.0,5,34,-83.37175750333105,0,0,0,0,0,-1.0,0.0
random,0,1.0,6,41,-70.53804885242903,0,0,0,0,0,-1.0,0.0
random,0,1.0,7,63,-45.8335357216723,0,0,0,0,0,-1.0,0.0
random,0,1.0,8,38,-72.03464339238353,0,0,0,0,0,-1.0,0.0
random,0,1.0,9,20,-84.57678722448543,0,0,0,0,0,-1.0,0.0
random,1,0.0,0,48,-68.71920303113717,0,0,0,0,0,-1.0,0.0
random,1,0.0,1,42,-67.24764008914232,0,0,0,0,0,-1.0,0.0
random,1,0.0,2,35,-79.52085140216913,0,0,0,0,0,-1.0,0.0
random,1,0.0,3,43,-68.90086048572597,0,0,0,0,0,-1.0,0.0
random,1,0.0,4,67,-66.35333747078283,0,0,0,0,0,-1.0,0.0
random,1,0.0,5,40,-76.89434040854186,0,0,0,0,0,-1.0,0.0
random,1,0.0,6,43,-65.63793988604606,0,0,0,0,0,-1.0,0.0
random,1,0.0,7,24,-35.32421222620012,0,0,0,0,0,-1.0,0.0
random,1,0.0,8,37,-70.99358602315921,0,0,0,0,0,-1.0,0.0
random,1,0.0,9,37,14.37918411606158,0,0,0,0,0,-1.0,0.0
random,1,0.5,0,45,-70.87540072173871,0,0,0,0,0,-1.0,0.0
random,1,0.5,1,38,-70.79538242762071,0,0,0,0,0,-1.0,0.0
random,1,0.5,2,29,-82.77568549591442,0,0,0,0,0,-1.0,0.0
random,1,0.5,3,56,-58.33758829392207,0,0,0,0,0,-1.0,0.0
random,1,0.5,4,57,-71.01475634906767,0,0,0,0,0,-1.0,0.0
random,1,0.5,5,34,-81.39160216741726,0,0,0,0,0,-1.0,0.0
random,1,0.5,6,40,-67.58433436179456,0,0,0,0,0,-1.0,0.0
random,1,0.5,7,38,-25.016649775615875,0,0,0,0,0,-1.0,0.0
random,1,0.5,8,40,-68.3882507104488,0,0,0,0,0,-1.0,0.0
random,1,0.5,9,25,9.014374598010122,0,0,0,0,0,-1.0,0.0
random,1,1.0,0,45,-71.40152672174437,0,0,0,0,0,-1.0,0.0
random,1,1.0,1,37,-71.58419828288683,0,0,0,0,0,-1.0,0.0
random,1,1.0,2,31,-81.45238780791314,0,0,0,0,0,-1.0,0.0
random,1,1.0,3,52,-64.19822517014347,0,0,0,0,0,-1.0,0.0
random,1,1.0,4,48,-76.79711741970576,0,0,0,0,0,-1.0,0.0
random,1,1.0,5,37,-79.58364717715216,0,0,0,0,0,-1.0,0.0
random,1,1.0,6,28,-78.12451318246589,0,0,0,0,0,-1.0,0.0
random,1,1.0,7,35,-28.722336724756758,0,0,0,0,0,-1.0,0.0
random,1,1.0,8,28,-78.33353212037326,0,0,0,0,0,-1.0,0.0
random,1,1.0,9,49,-60.408434568205365,0,0,0,0,0,-1.0,0.0
random,2,0.0,0,41,-72.17540695118103,0,0,0,0,0,-1.0,0.0
random,2,0.0,1,54,-59.09782539881623,0,0,0,0,0,-1.0,0.0
random,2,0.0,2,32,-81.73216342274551,0,0,0,0,0,-1.0,0.0
random,2,0.0,3,39,-74.56326912529163,0,0,0,0,0,-1.0,0.0
random,2,0.0,4,39,-82.94133613123296,0,0,0,0,0,-1.0,0.0
random,2,0.0,5,70,-56.47936537567577,0,0,0,0,0,-1.0,0.0
random,2,0.0,6,42,-66.33417147089469,0,0,0,0,0,-1.0,0.0
random,2,0.0,7,52,-57.79809201304897,0,0,0,0,0,-1.0,0.0
random,2,0.0,8,62,-50.40059568247131,0,0,0,0,0,-1.0,0.0
random,2,0.0,9,45,19.93477147753093,0,0,0,0,0,-1.0,0.0
random,2,0.5,0,44,-70.31011389899189,0,0,0,0,0,-1.0,0.0
random,2,0.5,1,49,-64.35186990126046,0,0,0,0,0,-1.0,0.0
random,2,0.5,2,26,-85.01739785280787,0,0,0,0,0,-1.0,0.0
random,2,0.5,3,53,-63.415639222842486,0,0,0,0,0,-1.0,0.0
random,2,0.5,4,41,-81.67262215483737,0,0,0,0,0,-1.0,0.0
random,2,0.5,5,47,-72.93146543976027,0,0,0,0,0,-1.0,0.0
random,2,0.5,6,31,-75.20253968552518,0,0,0,0,0,-1.0,0.0
random,2,0.5,7,51,-20.573734248362754,0,0,0,0,0,-1.0,0.0
random,2,0.5,8,32,-75.88904177454737,0,0,0,0,0,-1.0,0.0
random,2,0.5,9,28,10.233289211713398,0,0,0,0,0,-1.0,0.0
random,2,1.0,0,46,-68.63312804685447,0,0,0,0,0,-1.0,0.0
random,2,1.0,1,44,-68.4492961377299,0,0,0,0,0,-1.0,0.0
random,2,1.0,2,29,-82.75252534999352,0,0,0,0,0,-1.0,0.0
random,2,1.0,3,47,-68.21020454758755,0,0,0,0,0,-1.0,0.0
random,2,1.0,4,31,-86.24334320295166,0,0,0,0,0,-1.0,0.0
random,2,1.0,5,54,-69.88595047901606,0,0,0,0,0,-1.0,0.0
random,2,1.0,6,32,-74.6296567646606,0,0,0,0,0,-1.0,0.0
random,2,1.0,7,42,-22.247656082391785,0,0,0,0,0,-1.0,0.0
random,2,1.0,8,31,-79.18647509852356,0,0,0,0,0,-1.0,0.0
random,2,1.0,9,28,13.837546513069668,0,0,0,0,0,-1.0,0.0
lqr,0,0.0,0,206,315.4793253848867,1,0,0,0,0,-1.0,0.0
lqr,0,0.0,1,136,254.97731461441902,1,0,0,0,0,-1.0,0.0
lqr,0,0.0,2,159,97.73473525464152,0,0,0,0,0,-1.0,0.0
lqr,0,0.0,3,205,316.79639250255957,1,0,0,0,0,-1.0,0.0
lqr,0,0.0,4,231,328.87768510190824,1,0,0,0,0,-1.0,0.0
lqr,0,0.0,5,219,324.95392438653465,1,0,0,0,0,-1.0,0.0
lqr,0,0.0,6,153,282.0581702333567,1,0,0,0,0,-1.0,0.0
lqr,0,0.0,7,154,283.078061746497,1,0,0,0,0,-1.0,0.0
lqr,0,0.0,8,198,312.42185210886805,1,0,0,0,0,-1.0,0.0
lqr,0,0.0,9,108,231.9041655235522,1,0,0,0,0,-1.0,0.0
lqr,0,0.5,0,208,317.4116294469897,1,0,0,0,0,-1.0,0.0
lqr,0,0.5,1,148,265.1299359322283,1,0,0,0,0,-1.0,0.0
lqr,0,0.5,2,152,98.52627877629575,0,0,0,0,0,-1.0,0.0
lqr,0,0.5,3,206,318.0367508545158,1,0,0,0,0,-1.0,0.0
lqr,0,0.5,4,225,322.4360519141108,1,0,0,0,0,-1.0,0.0
lqr,0,0.5,5,217,322.9165404034654,1,0,0,0,0,-1.0,0.0
lqr,0,0.5,6,160,288.2482601561826,1,0,0,0,0,-1.0,0.0
lqr,0,0.5,7,156,285.1743175338953,1,0,0,0,0,-1.0,0.0
lqr,0,0.5,8,200,314.1796086735352,1,0,0,0,0,-1.0,0.0
lqr,0,0.5,9,112,234.95299433619675,1,0,0,0,0,-1.0,0.0
lqr,0,1.0,0,224,332.75827832323813,1,0,0,0,0,-1.0,0.0
lqr,0,1.0,1,159,275.7532778660916,1,0,0,0,0,-1.0,0.0
lqr,0,1.0,2,145,94.38506966549483,0,0,0,0,0,-1.0,0.0
lqr,0,1.0,3,196,308.330774162742,1,0,0,0,0,-1.0,0.0
lqr,0,1.0,4,229,325.6615488900186,1,0,0,0,0,-1.0,0.0
lqr,0,1.0,5,210,316.63083669593743,1,0,0,0,0,-1.0,0.0
lqr,0,1.0,6,164,291.87542191634503,1,0,0,0,0,-1.0,0.0
lqr,0,1.0,7,155,283.83990644076107,1,0,0,0,0,-1.0,0.0
lqr,0,1.0,8,195,309.6618249905274,1,0,0,0,0,-1.0,0.0
lqr,0,1.0,9,112,234.9666999727606,1,0,0,0,0,-1.0,0.0
lqr,1,0.0,0,136,254.97731461441902,1,0,0,0,0,-1.0,0.0
lqr,1,0.0,1,159,97.73473525464152,0,0,0,0,0,-1.0,0.0
lqr,1,0.0,2,205,316.79639250255957,1,0,0,0,0,-1.0,0.0
lqr,1,0.0,3,231,328.87768510190824,1,0,0,0,0,-1.0,0.0
lqr,1,0.0,4,219,324.95392438653465,1,0,0,0,0,-1.0,0.0
lqr,1,0.0,5,153,282.0581702333567,1,0,0,0,0,-1.0,0.0
lqr,1,0.0,6,154,283.078061746497,1,0,0,0,0,-1.0,0.0
lqr,1,0.0,7,198,312.42185210886805,1,0,0,0,0,-1.0,0.0
lqr,1,0.0,8,108,231.9041655235522,1,0,0,0,0,-1.0,0.0
lqr,1,0.0,9,180,297.3111759371523,1,0,0,0,0,-1.0,0.0
lqr,1,0.5,0,148,265.1299359322283,1,0,0,0,0,-1.0,0.0
lqr,1,0.5,1,152,98.52627877629575,0,0,0,0,0,-1.0,0.0
lqr,1,0.5,2,206,318.0367508545158,1,0,0,0,0,-1.0,0.0
lqr,1,0.5,3,225,322.4360519141108,1,0,0,0,0,-1.0,0.0
lqr,1,0.5,4,217,322.9165404034654,1,0,0,0,0,-1.0,0.0
lqr,1,0.5,5,160,288.2482601561826,1,0,0,0,0,-1.0,0.0
lqr,1,0.5,6,156,285.1743175338953,1,0,0,0,0,-1.0,0.0
lqr,1,0.5,7,200,314.1796086735352,1,0,0,0,0,-1.0,0.0
lqr,1,0.5,8,112,234.95299433619675,1,0,0,0,0,-1.0,0.0
lqr,1,0.5,9,182,299.71672971787063,1,0,0,0,0,-1.0,0.0
lqr,1,1.0,0,159,275.7532778660916,1,0,0,0,0,-1.0,0.0
lqr,1,1.0,1,145,94.38506966549483,0,0,0,0,0,-1.0,0.0
lqr,1,1.0,2,196,308.330774162742,1,0,0,0,0,-1.0,0.0
lqr,1,1.0,3,229,325.6615488900186,1,0,0,0,0,-1.0,0.0
lqr,1,1.0,4,210,316.63083669593743,1,0,0,0,0,-1.0,0.0
lqr,1,1.0,5,164,291.87542191634503,1,0,0,0,0,-1.0,0.0
lqr,1,1.0,6,155,283.83990644076107,1,0,0,0,0,-1.0,0.0
lqr,1,1.0,7,195,309.6618249905274,1,0,0,0,0,-1.0,0.0
lqr,1,1.0,8,112,234.9666999727606,1,0,0,0,0,-1.0,0.0
lqr,1,1.0,9,144,107.48059691735644,0,0,0,0,0,-1.0,0.0
lqr,2,0.0,0,159,97.73473525464152,0,0,0,0,0,-1.0,0.0
lqr,2,0.0,1,205,316.79639250255957,1,0,0,0,0,-1.0,0.0
lqr,2,0.0,2,231,328.87768510190824,1,0,0,0,0,-1.0,0.0
lqr,2,0.0,3,219,324.95392438653465,1,0,0,0,0,-1.0,0.0
lqr,2,0.0,4,153,282.0581702333567,1,0,0,0,0,-1.0,0.0
lqr,2,0.0,5,154,283.078061746497,1,0,0,0,0,-1.0,0.0
lqr,2,0.0,6,198,312.42185210886805,1,0,0,0,0,-1.0,0.0
lqr,2,0.0,7,108,231.9041655235522,1,0,0,0,0,-1.0,0.0
lqr,2,0.0,8,180,297.3111759371523,1,0,0,0,0,-1.0,0.0
lqr,2,0.0,9,119,240.35457857799642,1,0,0,0,0,-1.0,0.0
lqr,2,0.5,0,152,98.52627877629575,0,0,0,0,0,-1.0,0.0
lqr,2,0.5,1,206,318.0367508545158,1,0,0,0,0,-1.0,0.0
lqr,2,0.5,2,225,322.4360519141108,1,0,0,0,0,-1.0,0.0
lqr,2,0.5,3,217,322.9165404034654,1,0,0,0,0,-1.0,0.0
lqr,2,0.5,4,160,288.2482601561826,1,0,0,0,0,-1.0,0.0
lqr,2,0.5,5,156,285.1743175338953,1,0,0,0,0,-1.0,0.0
lqr,2,0.5,6,200,314.1796086735352,1,0,0,0,0,-1.0,0.0
lqr,2,0.5,7,112,234.95299433619675,1,0,0,0,0,-1.0,0.0
lqr,2,0.5,8,182,299.71672971787063,1,0,0,0,0,-1.0,0.0
lqr,2,0.5,9,125,244.66749677427543,1,0,0,0,0,-1.0,0.0
lqr,2,1.0,0,145,94.38506966549483,0,0,0,0,0,-1.0,0.0
lqr,2,1.0,1,196,308.330774162742,1,0,0,0,0,-1.0,0.0
lqr,2,1.0,2,229,325.6615488900186,1,0,0,0,0,-1.0,0.0
lqr,2,1.0,3,210,316.63083669593743,1,0,0,0,0,-1.0,0.0
lqr,2,1.0,4,164,291.87542191634503,1,0,0,0,0,-1.0,0.0
lqr,2,1.0,5,155,283.83990644076107,1,0,0,0,0,-1.0,0.0
lqr,2,1.0,6,195,309.6618249905274,1,0,0,0,0,-1.0,0.0
lqr,2,1.0,7,112,234.9666999727606,1,0,0,0,0,-1.0,0.0
lqr,2,1.0,8,144,107.48059691735644,0,0,0,0,0,-1.0,0.0
lqr,2,1.0,9,122,241.58738349813595,1,0,0,0,0,-1.0,0.0
mppi,0,0.0,0,51,-62.624953759956206,0,0,0,0,0,-1.0,19.622549019735672
mppi,0,0.0,1,39,-69.71253679292516,0,0,0,0,0,-1.0,19.26375897631097
mppi,0,0.0,2,37,-77.53386949946899,0,0,0,0,0,-1.0,18.222527031006443
mppi,0,0.0,3,38,-71.65214281498602,0,0,0,0,0,-1.0,18.77064737460674
mppi,0,0.0,4,42,-77.42703878152331,0,0,0,0,0,-1.0,23.918449996493845
mppi,0,0.0,5,46,-73.80818949436541,0,0,0,0,0,-1.0,18.8295173916824
mppi,0,0.0,6,53,-55.92157071643235,0,0,0,0,0,-1.0,18.38246414894765
mppi,0,0.0,7,45,-17.69729385518781,0,0,0,0,0,-1.0,18.028615559968685
mppi,0,0.0,8,42,-66.2742754126919,0,0,0,0,0,-1.0,16.570209524139674
mppi,0,0.0,9,71,38.02133549959112,0,0,0,0,0,-1.0,17.53656479159475
mppi,0,0.5,0,55,-59.203777414496244,0,0,0,0,0,-1.0,17.856836363419212
mppi,0,0.5,1,39,-69.86052558904281,0,0,0,0,0,-1.0,17.148623077306322
mppi,0,0.5,2,34,-79.58429437308993,0,0,0,0,0,-1.0,16.637126471751426
mppi,0,0.5,3,39,-70.81269344613932,0,0,0,0,0,-1.0,17.066582050831176
mppi,0,0.5,4,38,-79.84292906419476,0,0,0,0,0,-1.0,16.934036837866234
mppi,0,0.5,5,44,-75.03494800424137,0,0,0,0,0,-1.0,17.083115911439315
mppi,0,0.5,6,49,-59.58081082594241,0,0,0,0,0,-1.0,19.068032655180716
mppi,0,0.5,7,38,-24.38767311235823,0,0,0,0,0,-1.0,16.596578948481596
mppi,0,0.5,8,37,-70.9657165920822,0,0,0,0,0,-1.0,17.947018922092646
mppi,0,0.5,9,54,26.267323941521624,0,0,0,0,0,-1.0,16.8159944468816
mppi,0,1.0,0,58,-56.578790715681414,0,0,0,0,0,-1.0,16.773618962455156
mppi,0,1.0,1,37,-71.58260796559743,0,0,0,0,0,-1.0,18.15650810021907
mppi,0,1.0,2,33,-80.31002805864479,0,0,0,0,0,-1.0,17.8954060591588
mppi,0,1.0,3,41,-69.65305572358483,0,0,0,0,0,-1.0,16.956348778543674
mppi,0,1.0,4,35,-81.97949775066769,0,0,0,0,0,-1.0,16.868617141153663
mppi,0,1.0,5,47,-73.65682860702526,0,0,0,0,0,-1.0,17.554202128172
mppi,0,1.0,6,49,-59.666693176638354,0,0,0,0,0,-1.0,17.956389797309754
mppi,0,1.0,7,39,-23.374670481156286,0,0,0,0,0,-1.0,18.343394869962374
mppi,0,1.0,8,36,-72.02355023138193,0,0,0,0,0,-1.0,17.36380555666983
mppi,0,1.0,9,45,21.280054682868013,0,0,0,0,0,-1.0,17.366106667193687
mppi,1,0.0,0,41,-68.8471357139732,0,0,0,0,0,-1.0,16.975726828649186
mppi,1,0.0,1,34,-79.33742960670028,0,0,0,0,0,-1.0,17.993805875234745
mppi,1,0.0,2,38,-71.46220805846255,0,0,0,0,0,-1.0,17.07512895288681
mppi,1,0.0,3,37,-80.69574089333943,0,0,0,0,0,-1.0,16.975089183983368
mppi,1,0.0,4,36,-79.95781717047245,0,0,0,0,0,-1.0,17.016900008052794
mppi,1,0.0,5,45,-63.313835734016614,0,0,0,0,0,-1.0,16.745540004275327
mppi,1,0.0,6,39,-23.68567792870462,0,0,0,0,0,-1.0,17.85568974595756
mppi,1,0.0,7,38,-70.13757971846033,0,0,0,0,0,-1.0,16.87448158688647
mppi,1,0.0,8,72,38.58758379620947,0,0,0,0,0,-1.0,16.59637500334712
mppi,1,0.0,9,42,-66.06912378336546,0,0,0,0,0,-1.0,16.66098571288222
mppi,1,0.5,0,39,-70.40061643468079,0,0,0,0,0,-1.0,17.043625638903812
mppi,1,0.5,1,32,-80.92516587468174,0,0,0,0,0,-1.0,17.59660625066317
mppi,1,0.5,2,40,-70.07032078524207,0,0,0,0,0,-1.0,16.758959997969214
mppi,1,0.5,3,35,-81.62140321905053,0,0,0,0,0,-1.0,17.31707428282659
mppi,1,0.5,4,33,-81.84280703953443,0,0,0,0,0,-1.0,17.696815151297912
mppi,1,0.5,5,43,-64.7227867424846,0,0,0,0,0,-1.0,17.295493018748456
mppi,1,0.5,6,39,-23.707944262736902,0,0,0,0,0,-1.0,17.255220514459488
mppi,1,0.5,7,38,-70.05471231713511,0,0,0,0,0,-1.0,17.27539999563688
mppi,1,0.5,8,62,30.73444841274737,0,0,0,0,0,-1.0,16.779403230400696
mppi,1,0.5,9,46,-62.27934568879303,0,0,0,0,0,-1.0,18.470367388901018
mppi,1,1.0,0,38,-71.1623839908248,0,0,0,0,0,-1.0,16.6537500014161
mppi,1,1.0,1,30,-81.7163306239924,0,0,0,0,0,-1.0,16.82209332745212
mppi,1,1.0,2,43,-67.54563913944688,0,0,0,0,0,-1.0,16.824362785988594
mppi,1,1.0,3,33,-82.99323503746369,0,0,0,0,0,-1.0,16.720924237178583
mppi,1,1.0,4,31,-82.90439673809618,0,0,0,0,0,-1.0,16.831993551609376
mppi,1,1.0,5,40,-67.61580156341068,0,0,0,0,0,-1.0,18.066292504954617
mppi,1,1.0,6,37,-25.32654452547213,0,0,0,0,0,-1.0,18.314629728666734
mppi,1,1.0,7,38,-70.26512566392796,0,0,0,0,0,-1.0,22.617607895211364
mppi,1,1.0,8,48,22.638131096475902,0,0,0,0,0,-1.0,21.900704163272167
mppi,1,1.0,9,44,-64.19694670221462,0,0,0,0,0,-1.0,19.299209086139772
mppi,2,0.0,0,45,-72.24933535986659,0,0,0,0,0,-1.0,19.445731111853902
mppi,2,0.0,1,45,-66.50411887316184,0,0,0,0,0,-1.0,20.102086663246155
mppi,2,0.0,2,60,-68.53275399862238,0,0,0,0,0,-1.0,19.2956299976989
mppi,2,0.0,3,40,-77.92499298524697,0,0,0,0,0,-1.0,20.795194996753708
mppi,2,0.0,4,44,-64.10251542249422,0,0,0,0,0,-1.0,19.87646818452049
mppi,2,0.0,5,60,-4.3036963716598535,0,0,0,0,0,-1.0,20.090516668278724
mppi,2,0.0,6,40,-67.98523223848781,0,0,0,0,0,-1.0,19.388844996865373
mppi,2,0.0,7,82,46.941629932926375,0,0,0,0,0,-1.0,18.752136584314542
mppi,2,0.0,8,39,-68.62983070533116,0,0,0,0,0,-1.0,22.042146145115392
mppi,2,0.0,9,49,-23.353622274583245,0,0,0,0,0,-1.0,19.551855099758097
mppi,2,0.5,0,37,-77.38843680462995,0,0,0,0,0,-1.0,19.7434648698372
mppi,2,0.5,1,42,-68.5468997662967,0,0,0,0,0,-1.0,21.38840000095245
mppi,2,0.5,2,42,-78.2089069242035,0,0,0,0,0,-1.0,19.913404761436617
mppi,2,0.5,3,47,-72.95448649971927,0,0,0,0,0,-1.0,18.24445532080024
mppi,2,0.5,4,43,-64.76858868964766,0,0,0,0,0,-1.0,18.196353495261782
mppi,2,0.5,5,51,-16.8847460088749,0,0,0,0,0,-1.0,18.690229416368346
mppi,2,0.5,6,44,-64.8804414979515,0,0,0,0,0,-1.0,18.218468184138395
mppi,2,0.5,7,60,29.807497669254005,0,0,0,0,0,-1.0,18.0698550005521
mppi,2,0.5,8,47,-61.80497392144555,0,0,0,0,0,-1.0,18.76492766252263
mppi,2,0.5,9,37,-32.77090471400331,0,0,0,0,0,-1.0,18.250491888564383
mppi,2,1.0,0,35,-78.93195855751358,0,0,0,0,0,-1.0,19.73297714555104
mppi,2,1.0,1,44,-68.13588551551128,0,0,0,0,0,-1.0,20.998147731668062
mppi,2,1.0,2,40,-79.62323055945988,0,0,0,0,0,-1.0,17.406647493771743
mppi,2,1.0,3,51,-71.49066306552277,0,0,0,0,0,-1.0,16.668841176593276
mppi,2,1.0,4,42,-65.45368030591145,0,0,0,0,0,-1.0,17.77761905188007
mppi,2,1.0,5,44,-21.34184648644002,0,0,0,0,0,-1.0,17.424761356034484
mppi,2,1.0,6,49,-61.840916579901155,0,0,0,0,0,-1.0,16.866612249310602
mppi,2,1.0,7,53,25.570856179878206,0,0,0,0,0,-1.0,15.757547173086765
mppi,2,1.0,8,43,-65.13777064026652,0,0,0,0,0,-1.0,15.74459302693952
mppi,2,1.0,9,68,-8.942690517210053,0,0,0,0,0,-1.0,16.6041661731844
td_mpc2_lite,0,0.0,0,53,-61.97727445702441,0,0,0,0,0,-1.0,17.647518864217794
td_mpc2_lite,0,0.0,1,62,-53.1994774947593,0,0,0,0,0,-1.0,16.32918064828001
td_mpc2_lite,0,0.0,2,41,-75.3046095670721,0,0,0,0,0,-1.0,15.821556099292982
td_mpc2_lite,0,0.0,3,45,-66.59381286898876,0,0,0,0,0,-1.0,16.230482217441832
td_mpc2_lite,0,0.0,4,53,-71.95011605499735,0,0,0,0,0,-1.0,16.387254716872395
td_mpc2_lite,0,0.0,5,51,-71.2135399957844,0,0,0,0,0,-1.0,17.503786276268098
td_mpc2_lite,0,0.0,6,48,-60.910998568995595,0,0,0,0,0,-1.0,16.458985418770073
td_mpc2_lite,0,0.0,7,44,-21.208247732048775,0,0,0,0,0,-1.0,15.922754546574486
td_mpc2_lite,0,0.0,8,46,-63.49371142983408,0,0,0,0,0,-1.0,16.47742173593977
td_mpc2_lite,0,0.0,9,84,52.87469137132133,0,0,0,0,0,-1.0,16.110913097647774
td_mpc2_lite,0,0.5,0,53,-61.61348110727396,0,0,0,0,0,-1.0,16.56573395934483
td_mpc2_lite,0,0.5,1,52,-60.330520640024815,0,0,0,0,0,-1.0,20.13813076840821
td_mpc2_lite,0,0.5,2,35,-78.84062119482294,0,0,0,0,0,-1.0,17.77567714120128
td_mpc2_lite,0,0.5,3,42,-68.58300312395284,0,0,0,0,0,-1.0,16.471654758788645
td_mpc2_lite,0,0.5,4,50,-73.97747736871113,0,0,0,0,0,-1.0,16.041895996313542
td_mpc2_lite,0,0.5,5,46,-74.29216713623734,0,0,0,0,0,-1.0,15.737773904971698
td_mpc2_lite,0,0.5,6,42,-65.82296898883155,0,0,0,0,0,-1.0,18.43275000213734
td_mpc2_lite,0,0.5,7,41,-22.628239602748636,0,0,0,0,0,-1.0,18.569319506130384
td_mpc2_lite,0,0.5,8,43,-66.07183084061803,0,0,0,0,0,-1.0,17.490367445726555
td_mpc2_lite,0,0.5,9,65,37.041083046943726,0,0,0,0,0,-1.0,19.04435077091106
td_mpc2_lite,0,1.0,0,51,-62.70959066929953,0,0,0,0,0,-1.0,19.30372548796346
td_mpc2_lite,0,1.0,1,54,-58.72778661543567,0,0,0,0,0,-1.0,17.717490746656917
td_mpc2_lite,0,1.0,2,33,-80.23962807128213,0,0,0,0,0,-1.0,16.749878789679233
td_mpc2_lite,0,1.0,3,44,-67.93331908337139,0,0,0,0,0,-1.0,21.70113863725088
td_mpc2_lite,0,1.0,4,46,-76.30594484756394,0,0,0,0,0,-1.0,19.75274130413511
td_mpc2_lite,0,1.0,5,47,-74.38151266885878,0,0,0,0,0,-1.0,20.497378723527444
td_mpc2_lite,0,1.0,6,42,-65.67670067911936,0,0,0,0,0,-1.0,22.504847624250466
td_mpc2_lite,0,1.0,7,37,-25.653676865930095,0,0,0,0,0,-1.0,20.644135128178107
td_mpc2_lite,0,1.0,8,41,-68.1229434052845,0,0,0,0,0,-1.0,19.411439020697756
td_mpc2_lite,0,1.0,9,60,33.9453559473519,0,0,0,0,0,-1.0,20.804675004910678
td_mpc2_lite,1,0.0,0,43,-67.23629145240673,0,0,0,0,0,-1.0,18.251288368171732
td_mpc2_lite,1,0.0,1,47,-72.56238454033783,0,0,0,0,0,-1.0,16.9088276638154
td_mpc2_lite,1,0.0,2,52,-62.04088185150236,0,0,0,0,0,-1.0,17.348421158833215
td_mpc2_lite,1,0.0,3,49,-74.71405650258538,0,0,0,0,0,-1.0,23.9171551003558
td_mpc2_lite,1,0.0,4,49,-73.40102253040207,0,0,0,0,0,-1.0,17.861973464593518
td_mpc2_lite,1,0.0,5,61,-50.6666357322642,0,0,0,0,0,-1.0,17.11179672541921
td_mpc2_lite,1,0.0,6,56,-13.536487217073656,0,0,0,0,0,-1.0,17.472507145222544
td_mpc2_lite,1,0.0,7,60,-52.97886527837205,0,0,0,0,0,-1.0,17.027819999687683
td_mpc2_lite,1,0.0,8,84,48.79601228754197,0,0,0,0,0,-1.0,14.97632738582546
td_mpc2_lite,1,0.0,9,47,-62.655614532922115,0,0,0,0,0,-1.0,14.698448938941782
td_mpc2_lite,1,0.5,0,42,-68.13052948725482,0,0,0,0,0,-1.0,14.756957142491869
td_mpc2_lite,1,0.5,1,35,-79.1683639069344,0,0,0,0,0,-1.0,14.883300001799528
td_mpc2_lite,1,0.5,2,45,-66.88951818706595,0,0,0,0,0,-1.0,14.760480002344897
td_mpc2_lite,1,0.5,3,45,-76.47299230108455,0,0,0,0,0,-1.0,14.022722227188448
td_mpc2_lite,1,0.5,4,41,-77.67141857611213,0,0,0,0,0,-1.0,14.31994390015195
td_mpc2_lite,1,0.5,5,45,-63.35840004652861,0,0,0,0,0,-1.0,14.485897788674468
td_mpc2_lite,1,0.5,6,49,-17.622066159967545,0,0,0,0,0,-1.0,14.5411979649406
td_mpc2_lite,1,0.5,7,43,-66.570102430019,0,0,0,0,0,-1.0,14.55545116643703
td_mpc2_lite,1,0.5,8,60,29.000711965068845,0,0,0,0,0,-1.0,14.288791664876044
td_mpc2_lite,1,0.5,9,47,-62.34917795588512,0,0,0,0,0,-1.0,14.515321275734522
td_mpc2_lite,1,1.0,0,42,-67.75415013814415,0,0,0,0,0,-1.0,14.678769049212514
td_mpc2_lite,1,1.0,1,32,-81.02243002505286,0,0,0,0,0,-1.0,14.988968754551024
td_mpc2_lite,1,1.0,2,45,-66.67055521620563,0,0,0,0,0,-1.0,15.664522226951602
td_mpc2_lite,1,1.0,3,38,-80.62634517999084,0,0,0,0,0,-1.0,15.437631573724119
td_mpc2_lite,1,1.0,4,35,-81.20543668645304,0,0,0,0,0,-1.0,15.427645709964313
td_mpc2_lite,1,1.0,5,40,-67.67979783707747,0,0,0,0,0,-1.0,15.017144993180409
td_mpc2_lite,1,1.0,6,43,-21.525388788125497,0,0,0,0,0,-1.0,16.439653489045625
td_mpc2_lite,1,1.0,7,41,-67.81939529882031,0,0,0,0,0,-1.0,16.316156090441638
td_mpc2_lite,1,1.0,8,62,32.61377655808869,0,0,0,0,0,-1.0,17.513383873700796
td_mpc2_lite,1,1.0,9,48,-60.762516584884935,0,0,0,0,0,-1.0,19.17082916406798
td_mpc2_lite,2,0.0,0,75,-57.162796936440074,0,0,0,0,0,-1.0,21.32486266316846
td_mpc2_lite,2,0.0,1,112,-22.09823699954329,0,0,0,0,0,-1.0,20.761089286679635
td_mpc2_lite,2,0.0,2,74,-66.29513830669302,0,0,0,0,0,-1.0,16.162214864429238
td_mpc2_lite,2,0.0,3,69,-65.28678602743244,0,0,0,0,0,-1.0,15.044328986086708
td_mpc2_lite,2,0.0,4,84,-32.30916918150356,0,0,0,0,0,-1.0,14.325007144223145
td_mpc2_lite,2,0.0,5,60,-13.28960422993552,0,0,0,0,0,-1.0,14.269100001547486
td_mpc2_lite,2,0.0,6,70,-49.124457577352864,0,0,0,0,0,-1.0,14.766451427879344
td_mpc2_lite,2,0.0,7,84,48.00070761999109,0,0,0,0,0,-1.0,14.717450003705121
td_mpc2_lite,2,0.0,8,91,-35.55424135370288,0,0,0,0,0,-1.0,14.621937358982166
td_mpc2_lite,2,0.0,9,79,-38.42489169915985,0,0,0,0,0,-1.0,14.520064557024243
td_mpc2_lite,2,0.5,0,67,-64.46552844881703,0,0,0,0,0,-1.0,15.176171638460746
td_mpc2_lite,2,0.5,1,164,0.48268370829980256,0,0,0,0,0,-1.0,14.634854267791436
td_mpc2_lite,2,0.5,2,89,-44.20166671874383,0,0,0,0,0,-1.0,14.470986515712621
td_mpc2_lite,2,0.5,3,75,-64.78702142560647,0,0,0,0,0,-1.0,14.21180933403472
td_mpc2_lite,2,0.5,4,90,-28.33672042513112,0,0,0,0,0,-1.0,132.5852255595641
td_mpc2_lite,2,0.5,5,108,-11.330069502645813,0,0,0,0,0,-1.0,24.88003982095203
td_mpc2_lite,2,0.5,6,129,-8.702706697899771,0,0,0,0,0,-1.0,16.13400310147987
td_mpc2_lite,2,0.5,7,63,31.204723513611654,0,0,0,0,0,-1.0,15.6459253990934
td_mpc2_lite,2,0.5,8,115,-13.451459627774724,0,0,0,0,0,-1.0,15.812527825144809
td_mpc2_lite,2,0.5,9,103,-25.510416688887034,0,0,0,0,0,-1.0,17.392000000928395
td_mpc2_lite,2,1.0,0,47,-73.00746665031062,0,0,0,0,0,-1.0,16.642378723655053
td_mpc2_lite,2,1.0,1,122,-2.896570681523386,0,0,0,0,0,-1.0,14.806881146677235
td_mpc2_lite,2,1.0,2,64,-69.11246542614057,0,0,0,0,0,-1.0,14.841521884591202
td_mpc2_lite,2,1.0,3,124,-13.093367405950914,0,0,0,0,0,-1.0,14.921278222895888
td_mpc2_lite,2,1.0,4,56,-56.553021768695835,0,0,0,0,0,-1.0,14.60384464735398
td_mpc2_lite,2,1.0,5,52,-16.94016943982274,0,0,0,0,0,-1.0,15.260834616268626
td_mpc2_lite,2,1.0,6,91,-30.153977785095066,0,0,0,0,0,-1.0,14.999206587902506
td_mpc2_lite,2,1.0,7,53,25.32602647616578,0,0,0,0,0,-1.0,15.139926417142082
td_mpc2_lite,2,1.0,8,72,-44.699774998184054,0,0,0,0,0,-1.0,16.311858334423352
td_mpc2_lite,2,1.0,9,56,-53.15125542645118,0,0,0,0,0,-1.0,15.472049998477035
dreamer_lite,0,0.0,0,70,-51.3330028822533,0,0,0,0,0,-1.0,0.09718285873532295
dreamer_lite,0,0.0,1,134,2.1890271329277198,0,0,0,0,0,-1.0,0.09659999753904543
dreamer_lite,0,0.0,2,55,-67.63003046391262,0,0,0,0,0,-1.0,0.09537818418307738
dreamer_lite,0,0.0,3,61,-55.43674903858798,0,0,0,0,0,-1.0,0.0967737716683721
dreamer_lite,0,0.0,4,56,-71.45709991251694,0,0,0,0,0,-1.0,0.09485892951488495
dreamer_lite,0,0.0,5,54,-70.60561556774263,0,0,0,0,0,-1.0,0.09525554789299215
dreamer_lite,0,0.0,6,71,-42.33260000734435,0,0,0,0,0,-1.0,0.09529295862770416
dreamer_lite,0,0.0,7,62,-47.95237021166716,0,0,0,0,0,-1.0,0.09510483622791306
dreamer_lite,0,0.0,8,59,-54.42822431390233,0,0,0,0,0,-1.0,0.09802881316518632
dreamer_lite,0,0.0,9,71,-39.09927643614305,0,0,0,0,0,-1.0,0.09430422690290381
dreamer_lite,0,0.5,0,72,-53.80938372438664,0,0,0,0,0,-1.0,0.1023611120116483
dreamer_lite,0,0.5,1,87,-31.07734667522253,0,0,0,0,0,-1.0,0.09831724201339757
dreamer_lite,0,0.5,2,59,-69.06123285508944,0,0,0,0,0,-1.0,0.09664068278714509
dreamer_lite,0,0.5,3,67,-54.98800148026732,0,0,0,0,0,-1.0,0.10566716690533864
dreamer_lite,0,0.5,4,61,-72.77757461793307,0,0,0,0,0,-1.0,0.1131819692806753
dreamer_lite,0,0.5,5,60,-71.04953256035519,0,0,0,0,0,-1.0,0.09981833281926811
dreamer_lite,0,0.5,6,70,-47.787580921342894,0,0,0,0,0,-1.0,0.10725857240946166
dreamer_lite,0,0.5,7,67,-12.85794561324957,0,0,0,0,0,-1.0,0.10318805571339691
dreamer_lite,0,0.5,8,66,-53.30370529190589,0,0,0,0,0,-1.0,0.09597575725902888
dreamer_lite,0,0.5,9,76,43.77723227681673,0,0,0,0,0,-1.0,0.10048815334142235
dreamer_lite,0,1.0,0,25,-82.41414486378875,0,0,0,0,0,-1.0,0.11489600641652942
dreamer_lite,0,1.0,1,24,-85.12255680062437,0,0,0,0,0,-1.0,0.1357583266023236
dreamer_lite,0,1.0,2,22,-86.62498208496784,0,0,0,0,0,-1.0,0.10357725973749025
dreamer_lite,0,1.0,3,23,-83.19635253844076,0,0,0,0,0,-1.0,0.10157391459316663
dreamer_lite,0,1.0,4,20,-90.08954009951896,0,0,0,0,0,-1.0,0.10061000648420304
dreamer_lite,0,1.0,5,21,-88.6628733823594,0,0,0,0,0,-1.0,0.09918571283508625
dreamer_lite,0,1.0,6,23,-82.27865733203691,0,0,0,0,0,-1.0,0.09892173820053754
dreamer_lite,0,1.0,7,23,-35.06824021497394,0,0,0,0,0,-1.0,0.11264782338200705
dreamer_lite,0,1.0,8,21,-83.88850002926422,0,0,0,0,0,-1.0,0.1126904750154132
dreamer_lite,0,1.0,9,21,-84.82023490358317,0,0,0,0,0,-1.0,0.1328761850128926
dreamer_lite,1,0.0,0,29,-82.51673325207017,0,0,0,0,0,-1.0,0.09055173321594966
dreamer_lite,1,0.0,1,33,-74.36201730338459,0,0,0,0,0,-1.0,0.08919393065187967
dreamer_lite,1,0.0,2,31,-83.665965423634,0,0,0,0,0,-1.0,0.0956999945394214
dreamer_lite,1,0.0,3,31,-79.87145612521579,0,0,0,0,0,-1.0,0.08874516483516462
dreamer_lite,1,0.0,4,29,-87.02903485819616,0,0,0,0,0,-1.0,0.09635517951743357
dreamer_lite,1,0.0,5,30,-86.03119121316426,0,0,0,0,0,-1.0,0.09550666436553001
dreamer_lite,1,0.0,6,31,-78.2005887184105,0,0,0,0,0,-1.0,0.09567741559998642
dreamer_lite,1,0.0,7,32,-74.81353403682152,0,0,0,0,0,-1.0,0.10093125092680566
dreamer_lite,1,0.0,8,32,-77.33761164345626,0,0,0,0,0,-1.0,0.11541249841684476
dreamer_lite,1,0.0,9,32,16.32304654907307,0,0,0,0,0,-1.0,0.11148437624797225
dreamer_lite,1,0.5,0,40,-71.73248904710623,0,0,0,0,0,-1.0,0.11617998970905319
dreamer_lite,1,0.5,1,39,-73.27038900559863,0,0,0,0,0,-1.0,0.10150769659771751
dreamer_lite,1,0.5,2,31,-81.32230110646309,0,0,0,0,0,-1.0,0.10037742322310805
dreamer_lite,1,0.5,3,36,-73.41175119209886,0,0,0,0,0,-1.0,0.1234194464308934
dreamer_lite,1,0.5,4,33,-82.84116419539572,0,0,0,0,0,-1.0,0.11324848641048778
dreamer_lite,1,0.5,5,33,-81.60002726193952,0,0,0,0,0,-1.0,0.10080605914646928
dreamer_lite,1,0.5,6,36,-70.47216380947609,0,0,0,0,0,-1.0,0.10779722651932389
dreamer_lite,1,0.5,7,36,-26.117005460473607,0,0,0,0,0,-1.0,0.0963444391446602
dreamer_lite,1,0.5,8,34,-73.16843315437274,0,0,0,0,0,-1.0,0.09610587970682365
dreamer_lite,1,0.5,9,37,-70.5183422583986,0,0,0,0,0,-1.0,0.09646757216368979
dreamer_lite,1,1.0,0,62,-53.98492348271259,0,0,0,0,0,-1.0,0.10078871292212317
dreamer_lite,1,1.0,1,59,-55.94929728919023,0,0,0,0,0,-1.0,0.09747627151782735
dreamer_lite,1,1.0,2,31,-81.12369358383972,0,0,0,0,0,-1.0,0.0971096751820897
dreamer_lite,1,1.0,3,45,-66.07982081343096,0,0,0,0,0,-1.0,0.11032444114486377
dreamer_lite,1,1.0,4,35,-81.66436786588827,0,0,0,0,0,-1.0,0.11161999677174858
dreamer_lite,1,1.0,5,37,-79.0542024427886,0,0,0,0,0,-1.0,0.09776486518062852
dreamer_lite,1,1.0,6,44,-63.75514087717267,0,0,0,0,0,-1.0,0.09616136561486531
dreamer_lite,1,1.0,7,41,-21.38984903807652,0,0,0,0,0,-1.0,0.10616341804540376
dreamer_lite,1,1.0,8,41,-67.07045412840894,0,0,0,0,0,-1.0,0.09785122635615308
dreamer_lite,1,1.0,9,45,23.63800215323988,0,0,0,0,0,-1.0,0.09615110983658168
dreamer_lite,2,0.0,0,41,-71.03419751050835,0,0,0,0,0,-1.0,0.10710243396915314
dreamer_lite,2,0.0,1,42,-70.66289318302249,0,0,0,0,0,-1.0,0.10014999896243569
dreamer_lite,2,0.0,2,36,-77.93632697114643,0,0,0,0,0,-1.0,0.09522499911124921
dreamer_lite,2,0.0,3,38,-71.36721648457592,0,0,0,0,0,-1.0,0.10907368299453274
dreamer_lite,2,0.0,4,38,-79.87437210530966,0,0,0,0,0,-1.0,0.09741578526843928
dreamer_lite,2,0.0,5,37,-79.22501912034937,0,0,0,0,0,-1.0,0.09458648619820943
dreamer_lite,2,0.0,6,40,-67.13907648102992,0,0,0,0,0,-1.0,0.09425750176887959
dreamer_lite,2,0.0,7,38,-24.227102304540438,0,0,0,0,0,-1.0,0.08751841500940684
dreamer_lite,2,0.0,8,37,-70.2762043895018,0,0,0,0,0,-1.0,0.09408108166393798
dreamer_lite,2,0.0,9,39,-69.23347135018984,0,0,0,0,0,-1.0,0.09330512227442785
dreamer_lite,2,0.5,0,19,-89.81864643010302,0,0,0,0,0,-1.0,0.09424736613015595
dreamer_lite,2,0.5,1,20,-85.12770766021647,0,0,0,0,0,-1.0,0.11708999227266759
dreamer_lite,2,0.5,2,22,-90.46823156076697,0,0,0,0,0,-1.0,0.10021818029186265
dreamer_lite,2,0.5,3,19,-88.81343252038313,0,0,0,0,0,-1.0,0.0966947409324348
dreamer_lite,2,0.5,4,17,-93.32655281920484,0,0,0,0,0,-1.0,0.0961588161504444
dreamer_lite,2,0.5,5,18,-92.65891894996416,0,0,0,0,0,-1.0,0.09606111497204337
dreamer_lite,2,0.5,6,19,-87.65035492160298,0,0,0,0,0,-1.0,0.09503684888936971
dreamer_lite,2,0.5,7,20,-86.37150109685,0,0,0,0,0,-1.0,0.09920999582391232
dreamer_lite,2,0.5,8,19,-88.08410366145257,0,0,0,0,0,-1.0,0.10539999991459281
dreamer_lite,2,0.5,9,17,7.1808620486445705,0,0,0,0,0,-1.0,0.09807059541344643
dreamer_lite,2,1.0,0,78,-42.965879956522194,0,0,0,0,0,-1.0,0.092232051359203
dreamer_lite,2,1.0,1,69,-47.34373873803161,0,0,0,0,0,-1.0,0.0988826066242072
dreamer_lite,2,1.0,2,48,-73.14963173853182,0,0,0,0,0,-1.0,0.10151666356250644
dreamer_lite,2,1.0,3,90,-33.50517409329717,0,0,0,0,0,-1.0,0.09806222644531065
dreamer_lite,2,1.0,4,85,-52.50527628788631,0,0,0,0,0,-1.0,0.0958458787542494
dreamer_lite,2,1.0,5,75,-59.67968902254502,0,0,0,0,0,-1.0,0.0948613346554339
dreamer_lite,2,1.0,6,67,-44.77130540270149,0,0,0,0,0,-1.0,0.0940179113479359
dreamer_lite,2,1.0,7,62,-7.756955500089646,0,0,0,0,0,-1.0,0.09434838824334645
dreamer_lite,2,1.0,8,79,-39.25168256418513,0,0,0,0,0,-1.0,0.09415696133399688
dreamer_lite,2,1.0,9,59,30.653563993773076,0,0,0,0,0,-1.0,0.09536948962673797
gatsr_full,0,0.0,0,215,322.0508767974262,1,0,0,0,25,-1.0,26.650646046280514
gatsr_full,0,0.0,1,110,18.122777098031563,0,7,1,0,39,-1.0,27.523361814250663
gatsr_full,0,0.0,2,152,99.94117115850341,0,5,1,0,43,-1.0,32.65170197195594
gatsr_full,0,0.0,3,205,316.6796074046055,1,0,0,0,20,-1.0,37.791053171655754
gatsr_full,0,0.0,4,243,337.44128759345085,1,0,0,0,45,-1.0,36.26548395197026
gatsr_full,0,0.0,5,223,327.70042751779425,1,0,0,0,20,-1.0,32.680488344242235
gatsr_full,0,0.0,6,153,281.91134730480894,1,0,0,0,8,-1.0,28.028118303136935
gatsr_full,0,0.0,7,155,284.05642590965124,1,0,0,0,4,-1.0,27.003906455431736
gatsr_full,0,0.0,8,205,317.93067373562343,1,0,0,0,26,-1.0,26.870378046921203
gatsr_full,0,0.0,9,62,34.724146816587506,0,5,1,0,29,-1.0,27.85691935118408
gatsr_full,0,0.5,0,222,329.0808484629075,1,0,0,0,23,-1.0,26.77853603355444
gatsr_full,0,0.5,1,155,269.8752757347304,1,0,0,0,26,-1.0,26.910552261547455
gatsr_full,0,0.5,2,156,103.58215357047523,0,5,1,0,44,-1.0,26.820296153742582
gatsr_full,0,0.5,3,205,317.03138341595275,1,0,0,0,15,-1.0,27.117199513481975
gatsr_full,0,0.5,4,232,327.1461375865814,1,0,0,0,32,-1.0,27.326174136572355
gatsr_full,0,0.5,5,219,324.1109906163959,1,0,0,0,18,-1.0,26.663819177514238
gatsr_full,0,0.5,6,160,288.1686115820161,1,0,0,0,8,-1.0,26.697760000024573
gatsr_full,0,0.5,7,156,285.18334252082747,1,0,0,0,4,-1.0,26.761318587560734
gatsr_full,0,0.5,8,78,5.21073395175037,0,4,1,0,23,-1.0,26.19412564374029
gatsr_full,0,0.5,9,56,34.75798395455659,0,4,1,0,23,-1.0,26.87348214697392
gatsr_full,0,1.0,0,229,335.8682499033482,1,0,0,0,29,-1.0,26.93524279359191
gatsr_full,0,1.0,1,162,277.66085848029905,1,0,0,0,21,-1.0,24.31200370573393
gatsr_full,0,1.0,2,152,98.27223208230298,0,6,1,0,47,-1.0,24.108431579646236
gatsr_full,0,1.0,3,153,115.45950038256476,0,5,1,0,32,-1.0,24.205177778521175
gatsr_full,0,1.0,4,256,348.2283927061315,1,0,0,0,39,-1.0,23.853108593129946
gatsr_full,0,1.0,5,211,317.1179046983139,1,0,0,0,17,-1.0,23.92205497789554
gatsr_full,0,1.0,6,162,290.23020923646317,1,0,0,0,5,-1.0,23.935193207436875
gatsr_full,0,1.0,7,155,283.8553009094306,1,0,0,0,5,-1.0,23.793281933608196
gatsr_full,0,1.0,8,200,313.7413408170948,1,0,0,0,19,-1.0,23.870047500240617
gatsr_full,0,1.0,9,56,35.851761188304806,0,4,1,0,23,-1.0,24.24193214184405
gatsr_full,1,0.0,0,109,16.989961567230395,0,8,1,0,38,-1.0,23.935056881607434
gatsr_full,1,0.0,1,152,99.94117115850341,0,5,1,0,43,-1.0,24.148212502998497
gatsr_full,1,0.0,2,205,316.6796074046055,1,0,0,0,20,-1.0,23.88564195290844
gatsr_full,1,0.0,3,243,337.44128759345085,1,0,0,0,45,-1.0,23.94849094686792
gatsr_full,1,0.0,4,223,327.70042751779425,1,0,0,0,20,-1.0,24.036180716365024
gatsr_full,1,0.0,5,153,281.91134730480894,1,0,0,0,8,-1.0,23.920804576026093
gatsr_full,1,0.0,6,155,284.05642590965124,1,0,0,0,4,-1.0,25.18165871208053
gatsr_full,1,0.0,7,205,317.93067373562343,1,0,0,0,26,-1.0,27.351784389238894
gatsr_full,1,0.0,8,76,41.60305115887522,0,6,1,0,32,-1.0,26.7623184221233
gatsr_full,1,0.0,9,188,303.54953342027386,1,0,0,0,25,-1.0,27.97268297891083
gatsr_full,1,0.5,0,155,269.8752757347304,1,0,0,0,26,-1.0,26.526403227715843
gatsr_full,1,0.5,1,156,103.58215357047523,0,5,1,0,44,-1.0,26.43860705183425
gatsr_full,1,0.5,2,205,317.03138341595275,1,0,0,0,15,-1.0,26.697329755179673
gatsr_full,1,0.5,3,232,327.1461375865814,1,0,0,0,32,-1.0,27.141541379337312
gatsr_full,1,0.5,4,219,324.1109906163959,1,0,0,0,18,-1.0,24.1571310479683
gatsr_full,1,0.5,5,160,288.1686115820161,1,0,0,0,8,-1.0,23.736665625983733
gatsr_full,1,0.5,6,156,285.18334252082747,1,0,0,0,4,-1.0,24.028780126872544
gatsr_full,1,0.5,7,78,5.21073395175037,0,4,1,0,23,-1.0,23.912666668482604
gatsr_full,1,0.5,8,56,34.75798395455659,0,4,1,0,23,-1.0,23.93825357596922
gatsr_full,1,0.5,9,155,111.54749083148506,0,8,1,0,39,-1.0,24.193218064629622
gatsr_full,1,1.0,0,162,277.66085848029905,1,0,0,0,21,-1.0,23.738608641670673
gatsr_full,1,1.0,1,152,98.27223208230298,0,6,1,0,47,-1.0,23.917286842142378
gatsr_full,1,1.0,2,153,115.45950038256476,0,5,1,0,32,-1.0,24.157336602608364
gatsr_full,1,1.0,3,256,348.2283927061315,1,0,0,0,39,-1.0,23.99473671925989
gatsr_full,1,1.0,4,211,317.1179046983139,1,0,0,0,17,-1.0,24.471596683104085
gatsr_full,1,1.0,5,162,290.23020923646317,1,0,0,0,5,-1.0,24.980112962010836
gatsr_full,1,1.0,6,155,283.8553009094306,1,0,0,0,5,-1.0,24.14005096671322
gatsr_full,1,1.0,7,200,313.7413408170948,1,0,0,0,19,-1.0,24.291094000509474
gatsr_full,1,1.0,8,56,35.851761188304806,0,4,1,0,23,-1.0,23.983530353039637
gatsr_full,1,1.0,9,141,97.10028909842356,0,10,1,0,39,-1.0,23.703404257638738
gatsr_full,2,0.0,0,152,99.94117115850341,0,5,1,0,43,-1.0,23.777393421225593
gatsr_full,2,0.0,1,205,316.6796074046055,1,0,0,0,20,-1.0,23.642953169225464
gatsr_full,2,0.0,2,243,337.44128759345085,1,0,0,0,45,-1.0,23.63091687371939
gatsr_full,2,0.0,3,223,327.70042751779425,1,0,0,0,20,-1.0,23.94577174999797
gatsr_full,2,0.0,4,153,281.91134730480894,1,0,0,0,8,-1.0,23.89715621027231
gatsr_full,2,0.0,5,155,284.05642590965124,1,0,0,0,4,-1.0,23.6365593564246
gatsr_full,2,0.0,6,205,317.93067373562343,1,0,0,0,26,-1.0,24.591036583864835
gatsr_full,2,0.0,7,82,44.87855286754305,0,8,1,0,35,-1.0,26.947119512464624
gatsr_full,2,0.0,8,188,303.54953342027386,1,0,0,0,25,-1.0,32.88347233722155
gatsr_full,2,0.0,9,83,-4.177072416820707,0,8,1,0,33,-1.0,32.626033733256655
gatsr_full,2,0.5,0,156,103.58215357047523,0,5,1,0,44,-1.0,33.0223589728867
gatsr_full,2,0.5,1,205,317.03138341595275,1,0,0,0,15,-1.0,33.10159024294102
gatsr_full,2,0.5,2,232,327.1461375865814,1,0,0,0,32,-1.0,31.978415085930088
gatsr_full,2,0.5,3,219,324.1109906163959,1,0,0,0,18,-1.0,32.517704109344464
gatsr_full,2,0.5,4,160,288.1686115820161,1,0,0,0,8,-1.0,33.8085868737835
gatsr_full,2,0.5,5,156,285.18334252082747,1,0,0,0,4,-1.0,31.908198075819737
gatsr_full,2,0.5,6,78,5.21073395175037,0,4,1,0,23,-1.0,29.20668333162888
gatsr_full,2,0.5,7,56,34.75798395455659,0,4,1,0,23,-1.0,28.58510714057567
gatsr_full,2,0.5,8,158,114.39320686354044,0,8,1,0,39,-1.0,26.12556265910227
gatsr_full,2,0.5,9,130,247.916712319159,1,0,0,0,22,-1.0,26.411426923452662
gatsr_full,2,1.0,0,152,98.27223208230298,0,6,1,0,47,-1.0,25.92698684288495
gatsr_full,2,1.0,1,153,115.45950038256476,0,5,1,0,32,-1.0,26.49167581618112
gatsr_full,2,1.0,2,256,348.2283927061315,1,0,0,0,39,-1.0,29.28255078404618
gatsr_full,2,1.0,3,211,317.1179046983139,1,0,0,0,17,-1.0,27.218712797229536
gatsr_full,2,1.0,4,162,290.23020923646317,1,0,0,0,5,-1.0,25.579132100518358
gatsr_full,2,1.0,5,155,283.8553009094306,1,0,0,0,5,-1.0,25.948856129581408
gatsr_full,2,1.0,6,200,313.7413408170948,1,0,0,0,19,-1.0,26.2116200037417
gatsr_full,2,1.0,7,56,35.851761188304806,0,4,1,0,23,-1.0,26.319878572914085
gatsr_full,2,1.0,8,125,90.33378651137475,0,6,1,0,32,-1.0,28.519234398845583
gatsr_full,2,1.0,9,64,-11.219849729153907,0,4,1,0,27,-1.0,38.441185938609124
gatsr_no_graph,0,0.0,0,215,322.0508767974262,1,0,0,0,25,-1.0,36.534277675673366
gatsr_no_graph,0,0.0,1,115,22.291439722277033,0,8,1,0,39,-1.0,37.22996173942786
gatsr_no_graph,0,0.0,2,152,99.94117115850341,0,5,1,0,43,-1.0,28.165894079153844
gatsr_no_graph,0,0.0,3,205,316.6796074046055,1,0,0,0,20,-1.0,23.42248975566202
gatsr_no_graph,0,0.0,4,243,337.44128759345085,1,0,0,0,45,-1.0,23.63913168545253
gatsr_no_graph,0,0.0,5,223,327.70042751779425,1,0,0,0,20,-1.0,23.467763227352147
gatsr_no_graph,0,0.0,6,153,281.91134730480894,1,0,0,0,8,-1.0,23.283722224946626
gatsr_no_graph,0,0.0,7,155,284.05642590965124,1,0,0,0,4,-1.0,23.543574192726442
gatsr_no_graph,0,0.0,8,205,317.93067373562343,1,0,0,0,26,-1.0,23.46605999883628
gatsr_no_graph,0,0.0,9,84,47.579855587256475,0,7,1,0,35,-1.0,23.15087261931261
gatsr_no_graph,0,0.5,0,222,329.0808484629075,1,0,0,0,23,-1.0,23.1516171141364
gatsr_no_graph,0,0.5,1,155,269.8752757347304,1,0,0,0,26,-1.0,23.26755096512516
gatsr_no_graph,0,0.5,2,156,103.58215357047523,0,5,1,0,44,-1.0,23.223274356822888
gatsr_no_graph,0,0.5,3,205,317.03138341595275,1,0,0,0,15,-1.0,23.242183903334436
gatsr_no_graph,0,0.5,4,232,327.1461375865814,1,0,0,0,32,-1.0,23.122136635155865
gatsr_no_graph,0,0.5,5,219,324.1109906163959,1,0,0,0,18,-1.0,23.443865753788945
gatsr_no_graph,0,0.5,6,160,288.1686115820161,1,0,0,0,8,-1.0,23.42462312481075
gatsr_no_graph,0,0.5,7,156,285.18334252082747,1,0,0,0,4,-1.0,23.26922179557956
gatsr_no_graph,0,0.5,8,78,5.21073395175037,0,4,1,0,23,-1.0,23.17037948822149
gatsr_no_graph,0,0.5,9,56,34.75798395455659,0,4,1,0,23,-1.0,23.16663571816337
gatsr_no_graph,0,1.0,0,229,335.8682499033482,1,0,0,0,29,-1.0,23.464017466837173
gatsr_no_graph,0,1.0,1,162,277.66085848029905,1,0,0,0,21,-1.0,23.993850615231988
gatsr_no_graph,0,1.0,2,152,98.27223208230298,0,6,1,0,47,-1.0,23.58732039551557
gatsr_no_graph,0,1.0,3,153,115.45950038256476,0,5,1,0,32,-1.0,23.407184965132426
gatsr_no_graph,0,1.0,4,256,348.2283927061315,1,0,0,0,39,-1.0,23.268502342943975
gatsr_no_graph,0,1.0,5,211,317.1179046983139,1,0,0,0,17,-1.0,23.098667771268584
gatsr_no_graph,0,1.0,6,162,290.23020923646317,1,0,0,0,5,-1.0,23.540964199914196
gatsr_no_graph,0,1.0,7,155,283.8553009094306,1,0,0,0,5,-1.0,23.25789032263621
gatsr_no_graph,0,1.0,8,200,313.7413408170948,1,0,0,0,19,-1.0,23.09742099896539
gatsr_no_graph,0,1.0,9,56,35.851761188304806,0,4,1,0,23,-1.0,23.003737504560767
gatsr_no_graph,1,0.0,0,109,17.842866880207154,0,7,1,0,38,-1.0,22.960357797340652
gatsr_no_graph,1,0.0,1,152,99.94117115850341,0,5,1,0,43,-1.0,24.895790790124966
gatsr_no_graph,1,0.0,2,205,316.6796074046055,1,0,0,0,20,-1.0,26.66471268209379
gatsr_no_graph,1,0.0,3,243,337.44128759345085,1,0,0,0,45,-1.0,26.50916049282791
gatsr_no_graph,1,0.0,4,223,327.70042751779425,1,0,0,0,20,-1.0,26.010207175392022
gatsr_no_graph,1,0.0,5,153,281.91134730480894,1,0,0,0,8,-1.0,25.823752938319313
gatsr_no_graph,1,0.0,6,155,284.05642590965124,1,0,0,0,4,-1.0,26.057647096158394
gatsr_no_graph,1,0.0,7,205,317.93067373562343,1,0,0,0,26,-1.0,25.78471804906546
gatsr_no_graph,1,0.0,8,81,44.52774167516887,0,8,1,0,35,-1.0,26.354888889559167
gatsr_no_graph,1,0.0,9,188,303.54953342027386,1,0,0,0,25,-1.0,26.11928085203312
gatsr_no_graph,1,0.5,0,155,269.8752757347304,1,0,0,0,26,-1.0,25.535710323076213
gatsr_no_graph,1,0.5,1,156,103.58215357047523,0,5,1,0,44,-1.0,26.82213782174632
gatsr_no_graph,1,0.5,2,205,317.03138341595275,1,0,0,0,15,-1.0,26.289268293440706
gatsr_no_graph,1,0.5,3,232,327.1461375865814,1,0,0,0,32,-1.0,25.973320254957674
gatsr_no_graph,1,0.5,4,219,324.1109906163959,1,0,0,0,18,-1.0,26.24350548195589
gatsr_no_graph,1,0.5,5,160,288.1686115820161,1,0,0,0,8,-1.0,26.28167812436004
gatsr_no_graph,1,0.5,6,156,285.18334252082747,1,0,0,0,4,-1.0,25.562452563556292
gatsr_no_graph,1,0.5,7,78,5.21073395175037,0,4,1,0,23,-1.0,26.211047433137608
gatsr_no_graph,1,0.5,8,56,34.75798395455659,0,4,1,0,23,-1.0,26.706944649049547
gatsr_no_graph,1,0.5,9,160,115.70559743935507,0,8,1,0,41,-1.0,25.8555599997635
gatsr_no_graph,1,1.0,0,162,277.66085848029905,1,0,0,0,21,-1.0,27.048045680225815
gatsr_no_graph,1,1.0,1,152,98.27223208230298,0,6,1,0,47,-1.0,34.933303289060284
gatsr_no_graph,1,1.0,2,153,115.45950038256476,0,5,1,0,32,-1.0,39.80488889147619
gatsr_no_graph,1,1.0,3,256,348.2283927061315,1,0,0,0,39,-1.0,37.73771406167725
gatsr_no_graph,1,1.0,4,211,317.1179046983139,1,0,0,0,17,-1.0,43.92571469285565
gatsr_no_graph,1,1.0,5,162,290.23020923646317,1,0,0,0,5,-1.0,66.81801543181567
gatsr_no_graph,1,1.0,6,155,283.8553009094306,1,0,0,0,5,-1.0,55.32797419451057
gatsr_no_graph,1,1.0,7,200,313.7413408170948,1,0,0,0,19,-1.0,41.72057999880053
gatsr_no_graph,1,1.0,8,56,35.851761188304806,0,4,1,0,23,-1.0,41.020935704831835
gatsr_no_graph,1,1.0,9,154,106.4083020057846,0,12,1,0,45,-1.0,41.564702597226
gatsr_no_graph,2,0.0,0,152,99.94117115850341,0,5,1,0,43,-1.0,41.640436840871665
gatsr_no_graph,2,0.0,1,205,316.6796074046055,1,0,0,0,20,-1.0,28.21836097580494
gatsr_no_graph,2,0.0,2,243,337.44128759345085,1,0,0,0,45,-1.0,26.208591360000916
gatsr_no_graph,2,0.0,3,223,327.70042751779425,1,0,0,0,20,-1.0,26.424627354360215
gatsr_no_graph,2,0.0,4,153,281.91134730480894,1,0,0,0,8,-1.0,26.288244445287788
gatsr_no_graph,2,0.0,5,155,284.05642590965124,1,0,0,0,4,-1.0,26.101183869139923
gatsr_no_graph,2,0.0,6,205,317.93067373562343,1,0,0,0,26,-1.0,23.703850734774477
gatsr_no_graph,2,0.0,7,77,41.27720903447222,0,8,1,0,33,-1.0,23.770587016864642
gatsr_no_graph,2,0.0,8,188,303.54953342027386,1,0,0,0,25,-1.0,23.918535637773296
gatsr_no_graph,2,0.0,9,69,-8.885479785390373,0,5,1,0,29,-1.0,24.062840581831075
gatsr_no_graph,2,0.5,0,156,103.58215357047523,0,5,1,0,44,-1.0,23.718586538915332
gatsr_no_graph,2,0.5,1,205,317.03138341595275,1,0,0,0,15,-1.0,23.55783658567816
gatsr_no_graph,2,0.5,2,232,327.1461375865814,1,0,0,0,32,-1.0,24.152243533723684
gatsr_no_graph,2,0.5,3,219,324.1109906163959,1,0,0,0,18,-1.0,24.717887671883368
gatsr_no_graph,2,0.5,4,160,288.1686115820161,1,0,0,0,8,-1.0,26.28760312763916
gatsr_no_graph,2,0.5,5,156,285.18334252082747,1,0,0,0,4,-1.0,51.567919228825936
gatsr_no_graph,2,0.5,6,78,5.21073395175037,0,4,1,0,23,-1.0,64.04889230422366
gatsr_no_graph,2,0.5,7,56,34.75798395455659,0,4,1,0,23,-1.0,42.400976790564265
gatsr_no_graph,2,0.5,8,160,116.94648913365378,0,7,1,0,40,-1.0,25.759255624143407
gatsr_no_graph,2,0.5,9,130,247.916712319159,1,0,0,0,22,-1.0,24.64066692851842
gatsr_no_graph,2,1.0,0,152,98.27223208230298,0,6,1,0,47,-1.0,24.061774339459493
gatsr_no_graph,2,1.0,1,153,115.45950038256476,0,5,1,0,32,-1.0,25.011501964744717
gatsr_no_graph,2,1.0,2,256,348.2283927061315,1,0,0,0,39,-1.0,31.20539648398335
gatsr_no_graph,2,1.0,3,211,317.1179046983139,1,0,0,0,17,-1.0,36.190413744674366
gatsr_no_graph,2,1.0,4,162,290.23020923646317,1,0,0,0,5,-1.0,40.4682814788194
gatsr_no_graph,2,1.0,5,155,283.8553009094306,1,0,0,0,5,-1.0,52.010319355664954
gatsr_no_graph,2,1.0,6,200,313.7413408170948,1,0,0,0,19,-1.0,46.82399249897571
gatsr_no_graph,2,1.0,7,56,35.851761188304806,0,4,1,0,23,-1.0,37.030942858629196
gatsr_no_graph,2,1.0,8,152,106.37070438285657,0,10,1,0,43,-1.0,36.04706315596368
gatsr_no_graph,2,1.0,9,64,-11.219849729153907,0,4,1,0,27,-1.0,30.940384379391617
gatsr_no_recovery,0,0.0,0,215,322.0508767974262,1,0,0,0,25,-1.0,29.843225582167072
gatsr_no_recovery,0,0.0,1,105,16.426577383460696,0,4,0,0,34,-1.0,30.352331431294303
gatsr_no_recovery,0,0.0,2,150,100.40804312899584,0,4,0,0,41,-1.0,30.77768666630921
gatsr_no_recovery,0,0.0,3,205,316.6796074046055,1,0,0,0,20,-1.0,25.002141462684406
gatsr_no_recovery,0,0.0,4,243,337.44128759345085,1,0,0,0,45,-1.0,23.92241933863081
gatsr_no_recovery,0,0.0,5,223,327.70042751779425,1,0,0,0,20,-1.0,23.93372287068541
gatsr_no_recovery,0,0.0,6,153,281.91134730480894,1,0,0,0,8,-1.0,23.728038566308765
gatsr_no_recovery,0,0.0,7,155,284.05642590965124,1,0,0,0,4,-1.0,23.935142582312466
gatsr_no_recovery,0,0.0,8,205,317.93067373562343,1,0,0,0,26,-1.0,23.907118538542218
gatsr_no_recovery,0,0.0,9,72,39.631312248457675,0,5,0,0,28,-1.0,23.646365280405412
gatsr_no_recovery,0,0.5,0,222,329.0808484629075,1,0,0,0,23,-1.0,23.842523874754825
gatsr_no_recovery,0,0.5,1,155,269.8752757347304,1,0,0,0,26,-1.0,24.00964580724136
gatsr_no_recovery,0,0.5,2,154,104.0725603352205,0,4,0,0,42,-1.0,23.862759091334972
gatsr_no_recovery,0,0.5,3,205,317.03138341595275,1,0,0,0,15,-1.0,24.023700487606863
gatsr_no_recovery,0,0.5,4,232,327.1461375865814,1,0,0,0,32,-1.0,23.94726896705708
gatsr_no_recovery,0,0.5,5,219,324.1109906163959,1,0,0,0,18,-1.0,24.21674703446655
gatsr_no_recovery,0,0.5,6,160,288.1686115820161,1,0,0,0,8,-1.0,23.812068750703475
gatsr_no_recovery,0,0.5,7,156,285.18334252082747,1,0,0,0,4,-1.0,23.82674294737323
gatsr_no_recovery,0,0.5,8,76,5.434789951118901,0,3,0,0,21,-1.0,23.75915789468165
gatsr_no_recovery,0,0.5,9,54,35.19268750044421,0,3,0,0,21,-1.0,23.711233334055308
gatsr_no_recovery,0,1.0,0,229,335.8682499033482,1,0,0,0,29,-1.0,24.10049694585187
gatsr_no_recovery,0,1.0,1,162,277.66085848029905,1,0,0,0,21,-1.0,23.746387657557072
gatsr_no_recovery,0,1.0,2,150,98.86278431344823,0,4,0,0,45,-1.0,23.906732668789726
gatsr_no_recovery,0,1.0,3,151,115.51251321412394,0,3,0,0,30,-1.0,24.238589406321875
gatsr_no_recovery,0,1.0,4,256,348.2283927061315,1,0,0,0,39,-1.0,24.12355859496529
gatsr_no_recovery,0,1.0,5,211,317.1179046983139,1,0,0,0,17,-1.0,24.161035069474128
gatsr_no_recovery,0,1.0,6,162,290.23020923646317,1,0,0,0,5,-1.0,24.989630246928744
gatsr_no_recovery,0,1.0,7,155,283.8553009094306,1,0,0,0,5,-1.0,26.51819290382968
gatsr_no_recovery,0,1.0,8,200,313.7413408170948,1,0,0,0,19,-1.0,39.1062489990145
gatsr_no_recovery,0,1.0,9,54,36.11220304710736,0,2,0,0,21,-1.0,88.05273148162222
gatsr_no_recovery,1,0.0,0,104,14.915488481187964,0,5,0,0,33,-1.0,44.67200672717389
gatsr_no_recovery,1,0.0,1,152,100.79896193516849,0,4,0,0,41,-1.0,25.66383092351699
gatsr_no_recovery,1,0.0,2,205,316.6796074046055,1,0,0,0,20,-1.0,24.60164341609925
gatsr_no_recovery,1,0.0,3,243,337.44128759345085,1,0,0,0,45,-1.0,24.98828107227644
gatsr_no_recovery,1,0.0,4,223,327.70042751779425,1,0,0,0,20,-1.0,24.835820178002237
gatsr_no_recovery,1,0.0,5,153,281.91134730480894,1,0,0,0,8,-1.0,23.68825751477
gatsr_no_recovery,1,0.0,6,155,284.05642590965124,1,0,0,0,4,-1.0,24.570913548250832
gatsr_no_recovery,1,0.0,7,205,317.93067373562343,1,0,0,0,26,-1.0,40.454931218438304
gatsr_no_recovery,1,0.0,8,73,41.00946492056613,0,4,0,0,29,-1.0,51.0887931522033
gatsr_no_recovery,1,0.0,9,188,303.54953342027386,1,0,0,0,25,-1.0,49.1605297875333
gatsr_no_recovery,1,0.5,0,155,269.8752757347304,1,0,0,0,26,-1.0,43.96912257840496
gatsr_no_recovery,1,0.5,1,154,104.0725603352205,0,4,0,0,42,-1.0,35.3182746734706
gatsr_no_recovery,1,0.5,2,205,317.03138341595275,1,0,0,0,15,-1.0,40.50079707465157
gatsr_no_recovery,1,0.5,3,232,327.1461375865814,1,0,0,0,32,-1.0,32.05660819266682
gatsr_no_recovery,1,0.5,4,219,324.1109906163959,1,0,0,0,18,-1.0,27.637948400338846
gatsr_no_recovery,1,0.5,5,160,288.1686115820161,1,0,0,0,8,-1.0,26.7615156222746
gatsr_no_recovery,1,0.5,6,156,285.18334252082747,1,0,0,0,4,-1.0,27.169873718566333
gatsr_no_recovery,1,0.5,7,76,5.434789951118901,0,3,0,0,21,-1.0,26.5501736844032
gatsr_no_recovery,1,0.5,8,54,35.19268750044421,0,3,0,0,21,-1.0,26.38956111493624
gatsr_no_recovery,1,0.5,9,147,107.88880722036818,0,4,0,0,33,-1.0,26.489338774208715
gatsr_no_recovery,1,1.0,0,162,277.66085848029905,1,0,0,0,21,-1.0,23.620448765103465
gatsr_no_recovery,1,1.0,1,150,98.86278431344823,0,4,0,0,45,-1.0,23.50586866804709
gatsr_no_recovery,1,1.0,2,151,115.51251321412394,0,3,0,0,30,-1.0,23.490021854873426
gatsr_no_recovery,1,1.0,3,256,348.2283927061315,1,0,0,0,39,-1.0,24.605219922023025
gatsr_no_recovery,1,1.0,4,211,317.1179046983139,1,0,0,0,17,-1.0,23.229419906188898
gatsr_no_recovery,1,1.0,5,162,290.23020923646317,1,0,0,0,5,-1.0,23.1055895090793
gatsr_no_recovery,1,1.0,6,155,283.8553009094306,1,0,0,0,5,-1.0,23.23716258059346
gatsr_no_recovery,1,1.0,7,200,313.7413408170948,1,0,0,0,19,-1.0,23.156901999318507
gatsr_no_recovery,1,1.0,8,54,36.11220304710736,0,2,0,0,21,-1.0,22.988114818602938
gatsr_no_recovery,1,1.0,9,139,98.46194508692714,0,5,0,0,34,-1.0,23.18549640191947
gatsr_no_recovery,2,0.0,0,150,100.40804312899584,0,4,0,0,41,-1.0,23.377184663355973
gatsr_no_recovery,2,0.0,1,205,316.6796074046055,1,0,0,0,20,-1.0,23.21265804802817
gatsr_no_recovery,2,0.0,2,243,337.44128759345085,1,0,0,0,45,-1.0,23.27845473136607
gatsr_no_recovery,2,0.0,3,223,327.70042751779425,1,0,0,0,20,-1.0,23.334041254797473
gatsr_no_recovery,2,0.0,4,153,281.91134730480894,1,0,0,0,8,-1.0,23.363162091555793
gatsr_no_recovery,2,0.0,5,155,284.05642590965124,1,0,0,0,4,-1.0,23.164054839646504
gatsr_no_recovery,2,0.0,6,205,317.93067373562343,1,0,0,0,26,-1.0,23.200775122712933
gatsr_no_recovery,2,0.0,7,68,38.04627822684746,0,4,0,0,27,-1.0,23.37639117767514
gatsr_no_recovery,2,0.0,8,188,303.54953342027386,1,0,0,0,25,-1.0,23.267723933887726
gatsr_no_recovery,2,0.0,9,67,-8.524222291786998,0,3,0,0,27,-1.0,23.372973132107074
gatsr_no_recovery,2,0.5,0,154,104.0725603352205,0,4,0,0,42,-1.0,23.232124026187442
gatsr_no_recovery,2,0.5,1,205,317.03138341595275,1,0,0,0,15,-1.0,23.350154144814375
gatsr_no_recovery,2,0.5,2,232,327.1461375865814,1,0,0,0,32,-1.0,23.547134048793193
gatsr_no_recovery,2,0.5,3,219,324.1109906163959,1,0,0,0,18,-1.0,23.15402145845152
gatsr_no_recovery,2,0.5,4,160,288.1686115820161,1,0,0,0,8,-1.0,23.32072000099288
gatsr_no_recovery,2,0.5,5,156,285.18334252082747,1,0,0,0,4,-1.0,23.48048974221083
gatsr_no_recovery,2,0.5,6,76,5.434789951118901,0,3,0,0,21,-1.0,23.44195394222257
gatsr_no_recovery,2,0.5,7,54,35.19268750044421,0,3,0,0,21,-1.0,23.566057406477974
gatsr_no_recovery,2,0.5,8,152,111.3968668510077,0,4,0,0,34,-1.0,23.273283554054185
gatsr_no_recovery,2,0.5,9,130,247.916712319159,1,0,0,0,22,-1.0,23.922866924056926
gatsr_no_recovery,2,1.0,0,150,98.86278431344823,0,4,0,0,45,-1.0,24.42851599965555
gatsr_no_recovery,2,1.0,1,151,115.51251321412394,0,3,0,0,30,-1.0,56.56154569668621
gatsr_no_recovery,2,1.0,2,256,348.2283927061315,1,0,0,0,39,-1.0,46.302961327455705
gatsr_no_recovery,2,1.0,3,211,317.1179046983139,1,0,0,0,17,-1.0,34.84581232344581
gatsr_no_recovery,2,1.0,4,162,290.23020923646317,1,0,0,0,5,-1.0,24.158283332966406
gatsr_no_recovery,2,1.0,5,155,283.8553009094306,1,0,0,0,5,-1.0,24.557113548695682
gatsr_no_recovery,2,1.0,6,200,313.7413408170948,1,0,0,0,19,-1.0,23.57281350006815
gatsr_no_recovery,2,1.0,7,54,36.11220304710736,0,2,0,0,21,-1.0,23.6951499968267
gatsr_no_recovery,2,1.0,8,144,102.75702179976506,0,4,0,0,36,-1.0,23.602686805841383
gatsr_no_recovery,2,1.0,9,62,-10.763821369537197,0,3,0,0,25,-1.0,23.370427422172902
gatsr_no_monitor,0,0.0,0,215,322.0508767974262,1,0,0,0,25,-1.0,34.367343257343784
gatsr_no_monitor,0,0.0,1,110,18.122777098031563,0,0,1,0,39,-1.0,44.02661545265635
gatsr_no_monitor,0,0.0,2,152,99.94117115850341,0,0,1,0,43,-1.0,41.33092039295374
gatsr_no_monitor,0,0.0,3,205,316.6796074046055,1,0,0,0,20,-1.0,37.327698538102574
gatsr_no_monitor,0,0.0,4,243,337.44128759345085,1,0,0,0,45,-1.0,29.377555554165454
gatsr_no_monitor,0,0.0,5,223,327.70042751779425,1,0,0,0,20,-1.0,28.87080986660408
gatsr_no_monitor,0,0.0,6,153,281.91134730480894,1,0,0,0,8,-1.0,29.302631369015824
gatsr_no_monitor,0,0.0,7,155,284.05642590965124,1,0,0,0,4,-1.0,27.001532901363866
gatsr_no_monitor,0,0.0,8,205,317.93067373562343,1,0,0,0,26,-1.0,23.354615609831654
gatsr_no_monitor,0,0.0,9,62,34.724146816587506,0,0,1,0,29,-1.0,23.682399998388945
gatsr_no_monitor,0,0.5,0,222,329.0808484629075,1,0,0,0,23,-1.0,23.367462162167538
gatsr_no_monitor,0,0.5,1,155,269.8752757347304,1,0,0,0,26,-1.0,23.36261612738693
gatsr_no_monitor,0,0.5,2,156,103.58215357047523,0,0,1,0,44,-1.0,23.651492308067063
gatsr_no_monitor,0,0.5,3,205,317.03138341595275,1,0,0,0,15,-1.0,23.43051219671374
gatsr_no_monitor,0,0.5,4,232,327.1461375865814,1,0,0,0,32,-1.0,23.38361508611405
gatsr_no_monitor,0,0.5,5,219,324.1109906163959,1,0,0,0,18,-1.0,23.613479909100082
gatsr_no_monitor,0,0.5,6,160,288.1686115820161,1,0,0,0,8,-1.0,23.460393122877576
gatsr_no_monitor,0,0.5,7,156,285.18334252082747,1,0,0,0,4,-1.0,23.35176731120998
gatsr_no_monitor,0,0.5,8,78,5.21073395175037,0,0,1,0,23,-1.0,23.19688974052835
gatsr_no_monitor,0,0.5,9,56,34.75798395455659,0,0,1,0,23,-1.0,23.273614284075197
gatsr_no_monitor,0,1.0,0,229,335.8682499033482,1,0,0,0,29,-1.0,23.516512225030244
gatsr_no_monitor,0,1.0,1,162,277.66085848029905,1,0,0,0,21,-1.0,23.48000246795745
gatsr_no_monitor,0,1.0,2,152,98.27223208230298,0,0,1,0,47,-1.0,25.599294736534112
gatsr_no_monitor,0,1.0,3,153,115.45950038256476,0,0,1,0,32,-1.0,26.985381698704575
gatsr_no_monitor,0,1.0,4,256,348.2283927061315,1,0,0,0,39,-1.0,23.683669919819295
gatsr_no_monitor,0,1.0,5,211,317.1179046983139,1,0,0,0,17,-1.0,24.765708528721696
gatsr_no_monitor,0,1.0,6,162,290.23020923646317,1,0,0,0,5,-1.0,27.012720988649463
gatsr_no_monitor,0,1.0,7,155,283.8553009094306,1,0,0,0,5,-1.0,24.645210968916334
gatsr_no_monitor,0,1.0,8,200,313.7413408170948,1,0,0,0,19,-1.0,23.44215949968202
gatsr_no_monitor,0,1.0,9,56,35.851761188304806,0,0,1,0,23,-1.0,23.276194644235407
gatsr_no_monitor,1,0.0,0,109,16.989961567230395,0,0,1,0,38,-1.0,23.067992659063513
gatsr_no_monitor,1,0.0,1,152,99.94117115850341,0,0,1,0,43,-1.0,23.153563815484585
gatsr_no_monitor,1,0.0,2,205,316.6796074046055,1,0,0,0,20,-1.0,23.609675122879263
gatsr_no_monitor,1,0.0,3,243,337.44128759345085,1,0,0,0,45,-1.0,23.199692591996058
gatsr_no_monitor,1,0.0,4,223,327.70042751779425,1,0,0,0,20,-1.0,23.003808519752873
gatsr_no_monitor,1,0.0,5,153,281.91134730480894,1,0,0,0,8,-1.0,23.388866013299456
gatsr_no_monitor,1,0.0,6,155,284.05642590965124,1,0,0,0,4,-1.0,25.185017420669958
gatsr_no_monitor,1,0.0,7,205,317.93067373562343,1,0,0,0,26,-1.0,26.913487317222284
gatsr_no_monitor,1,0.0,8,76,41.60305115887522,0,0,1,0,32,-1.0,26.797409213031642
gatsr_no_monitor,1,0.0,9,188,303.54953342027386,1,0,0,0,25,-1.0,26.090708511393576
gatsr_no_monitor,1,0.5,0,155,269.8752757347304,1,0,0,0,26,-1.0,25.932878710614936
gatsr_no_monitor,1,0.5,1,156,103.58215357047523,0,0,1,0,44,-1.0,25.38306602405217
gatsr_no_monitor,1,0.5,2,205,317.03138341595275,1,0,0,0,15,-1.0,23.285740976528515
gatsr_no_monitor,1,0.5,3,232,327.1461375865814,1,0,0,0,32,-1.0,23.3559336180594
gatsr_no_monitor,1,0.5,4,219,324.1109906163959,1,0,0,0,18,-1.0,23.13954520520869
gatsr_no_monitor,1,0.5,5,160,288.1686115820161,1,0,0,0,8,-1.0,32.47849312501785
gatsr_no_monitor,1,0.5,6,156,285.18334252082747,1,0,0,0,4,-1.0,38.489850001030554
gatsr_no_monitor,1,0.5,7,78,5.21073395175037,0,0,1,0,23,-1.0,48.15742949050708
gatsr_no_monitor,1,0.5,8,56,34.75798395455659,0,0,1,0,23,-1.0,42.47774821435866
gatsr_no_monitor,1,0.5,9,155,111.54749083148506,0,0,1,0,39,-1.0,38.980335484994875
gatsr_no_monitor,1,1.0,0,162,277.66085848029905,1,0,0,0,21,-1.0,32.186908025817694
gatsr_no_monitor,1,1.0,1,152,98.27223208230298,0,0,1,0,47,-1.0,26.822726977881853
gatsr_no_monitor,1,1.0,2,153,115.45950038256476,0,0,1,0,32,-1.0,25.985386272819312
gatsr_no_monitor,1,1.0,3,256,348.2283927061315,1,0,0,0,39,-1.0,26.69330351568533
gatsr_no_monitor,1,1.0,4,211,317.1179046983139,1,0,0,0,17,-1.0,26.939568245260407
gatsr_no_monitor,1,1.0,5,162,290.23020923646317,1,0,0,0,5,-1.0,26.750624691492614
gatsr_no_monitor,1,1.0,6,155,283.8553009094306,1,0,0,0,5,-1.0,26.236981289431213
gatsr_no_monitor,1,1.0,7,200,313.7413408170948,1,0,0,0,19,-1.0,26.781744998297654
gatsr_no_monitor,1,1.0,8,56,35.851761188304806,0,0,1,0,23,-1.0,26.25381428723423
gatsr_no_monitor,1,1.0,9,141,97.10028909842356,0,0,1,0,39,-1.0,26.511095034483663
gatsr_no_monitor,2,0.0,0,152,99.94117115850341,0,0,1,0,43,-1.0,26.172301972493234
gatsr_no_monitor,2,0.0,1,205,316.6796074046055,1,0,0,0,20,-1.0,26.55678975378822
gatsr_no_monitor,2,0.0,2,243,337.44128759345085,1,0,0,0,45,-1.0,26.33404814774255
gatsr_no_monitor,2,0.0,3,223,327.70042751779425,1,0,0,0,20,-1.0,26.35690313946631
gatsr_no_monitor,2,0.0,4,153,281.91134730480894,1,0,0,0,8,-1.0,26.02405294135298
gatsr_no_monitor,2,0.0,5,155,284.05642590965124,1,0,0,0,4,-1.0,26.690263869315988
gatsr_no_monitor,2,0.0,6,205,317.93067373562343,1,0,0,0,26,-1.0,26.547095124473476
gatsr_no_monitor,2,0.0,7,82,44.87855286754305,0,0,1,0,35,-1.0,26.404173172323215
gatsr_no_monitor,2,0.0,8,188,303.54953342027386,1,0,0,0,25,-1.0,26.273234042356364
gatsr_no_monitor,2,0.0,9,83,-4.177072416820707,0,0,1,0,33,-1.0,26.46181566138606
gatsr_no_monitor,2,0.5,0,156,103.58215357047523,0,0,1,0,44,-1.0,26.06353269239219
gatsr_no_monitor,2,0.5,1,205,317.03138341595275,1,0,0,0,15,-1.0,26.37541707400687
gatsr_no_monitor,2,0.5,2,232,327.1461375865814,1,0,0,0,32,-1.0,26.93462758907117
gatsr_no_monitor,2,0.5,3,219,324.1109906163959,1,0,0,0,18,-1.0,43.408214157664105
gatsr_no_monitor,2,0.5,4,160,288.1686115820161,1,0,0,0,8,-1.0,32.49532312511292
gatsr_no_monitor,2,0.5,5,156,285.18334252082747,1,0,0,0,4,-1.0,34.28459295014947
gatsr_no_monitor,2,0.5,6,78,5.21073395175037,0,0,1,0,23,-1.0,27.302275639391528
gatsr_no_monitor,2,0.5,7,56,34.75798395455659,0,0,1,0,23,-1.0,26.372421431005932
gatsr_no_monitor,2,0.5,8,158,114.39320686354044,0,0,1,0,39,-1.0,28.123735436208875
gatsr_no_monitor,2,0.5,9,130,247.916712319159,1,0,0,0,22,-1.0,32.06577538020121
gatsr_no_monitor,2,1.0,0,152,98.27223208230298,0,0,1,0,47,-1.0,31.716951974024262
gatsr_no_monitor,2,1.0,1,153,115.45950038256476,0,0,1,0,32,-1.0,27.366261440785784
gatsr_no_monitor,2,1.0,2,256,348.2283927061315,1,0,0,0,39,-1.0,26.435315234493828
gatsr_no_monitor,2,1.0,3,211,317.1179046983139,1,0,0,0,17,-1.0,26.156932224521757
gatsr_no_monitor,2,1.0,4,162,290.23020923646317,1,0,0,0,5,-1.0,26.55585987685984
gatsr_no_monitor,2,1.0,5,155,283.8553009094306,1,0,0,0,5,-1.0,26.58102322677751
gatsr_no_monitor,2,1.0,6,200,313.7413408170948,1,0,0,0,19,-1.0,26.36128550308058
gatsr_no_monitor,2,1.0,7,56,35.851761188304806,0,0,1,0,23,-1.0,26.298308929004374
gatsr_no_monitor,2,1.0,8,125,90.33378651137475,0,0,1,0,32,-1.0,26.633060001768172
gatsr_no_monitor,2,1.0,9,64,-11.219849729153907,0,0,1,0,27,-1.0,26.270407809533936
gatsr_no_cbf,0,0.0,0,206,315.4793253848867,1,0,0,0,0,-1.0,26.51682087543502
gatsr_no_cbf,0,0.0,1,114,21.80062104896109,0,9,1,0,0,-1.0,27.28069824495418
gatsr_no_cbf,0,0.0,2,173,116.66007938183083,0,11,1,0,0,-1.0,32.34990404661734
gatsr_no_cbf,0,0.0,3,205,316.79639250255957,1,0,0,0,0,-1.0,31.83448926727401
gatsr_no_cbf,0,0.0,4,231,328.87768510190824,1,0,0,0,0,-1.0,31.250991342736416
gatsr_no_cbf,0,0.0,5,219,324.95392438653465,1,0,0,0,0,-1.0,28.60296027230941
gatsr_no_cbf,0,0.0,6,153,282.0581702333567,1,0,0,0,0,-1.0,26.056140525041307
gatsr_no_cbf,0,0.0,7,154,283.078061746497,1,0,0,0,0,-1.0,26.21567857076789
gatsr_no_cbf,0,0.0,8,198,312.42185210886805,1,0,0,0,0,-1.0,26.24719090920854
gatsr_no_cbf,0,0.0,9,89,49.625200997459174,0,10,1,0,0,-1.0,25.876195502880794
gatsr_no_cbf,0,0.5,0,208,317.4116294469897,1,0,0,0,0,-1.0,29.965367305871602
gatsr_no_cbf,0,0.5,1,148,265.1299359322283,1,0,0,0,0,-1.0,30.45166756665158
gatsr_no_cbf,0,0.5,2,176,119.06745924869207,0,11,1,0,0,-1.0,31.155186930184506
gatsr_no_cbf,0,0.5,3,206,318.0367508545158,1,0,0,0,0,-1.0,28.778278641289695
gatsr_no_cbf,0,0.5,4,225,322.4360519141108,1,0,0,0,0,-1.0,28.8668066674533
gatsr_no_cbf,0,0.5,5,217,322.9165404034654,1,0,0,0,0,-1.0,25.844821658667847
gatsr_no_cbf,0,0.5,6,160,288.2482601561826,1,0,0,0,0,-1.0,25.988370001505245
gatsr_no_cbf,0,0.5,7,156,285.1743175338953,1,0,0,0,0,-1.0,28.911818591624094
gatsr_no_cbf,0,0.5,8,200,314.1796086735352,1,0,0,0,0,-1.0,25.939509000745602
gatsr_no_cbf,0,0.5,9,112,234.95299433619675,1,0,0,0,0,-1.0,31.409194645675598
gatsr_no_cbf,0,1.0,0,224,332.75827832323813,1,0,0,0,0,-1.0,39.17731473016569
gatsr_no_cbf,0,1.0,1,159,275.7532778660916,1,0,0,0,0,-1.0,30.353100630293643
gatsr_no_cbf,0,1.0,2,151,94.52604540283329,0,13,1,0,0,-1.0,33.50227085922826
gatsr_no_cbf,0,1.0,3,196,308.330774162742,1,0,0,0,0,-1.0,31.37991632802925
gatsr_no_cbf,0,1.0,4,229,325.6615488900186,1,0,0,0,0,-1.0,32.66663187819911
gatsr_no_cbf,0,1.0,5,210,316.63083669593743,1,0,0,0,0,-1.0,27.339707617925125
gatsr_no_cbf,0,1.0,6,164,291.87542191634503,1,0,0,0,0,-1.0,26.293312194799753
gatsr_no_cbf,0,1.0,7,155,283.83990644076107,1,0,0,0,0,-1.0,26.341759355273098
gatsr_no_cbf,0,1.0,8,195,309.6618249905274,1,0,0,0,0,-1.0,26.641691282379607
gatsr_no_cbf,0,1.0,9,112,234.9666999727606,1,0,0,0,0,-1.0,27.649050892380597
gatsr_no_cbf,1,0.0,0,111,17.247825430208934,0,11,1,0,0,-1.0,28.472260356490576
gatsr_no_cbf,1,0.0,1,174,118.39675926249207,0,14,1,0,0,-1.0,26.716804021471663
gatsr_no_cbf,1,0.0,2,205,316.79639250255957,1,0,0,0,0,-1.0,29.42850536683847
gatsr_no_cbf,1,0.0,3,231,328.87768510190824,1,0,0,0,0,-1.0,32.98928095123557
gatsr_no_cbf,1,0.0,4,219,324.95392438653465,1,0,0,0,0,-1.0,32.72152511502901
gatsr_no_cbf,1,0.0,5,153,282.0581702333567,1,0,0,0,0,-1.0,32.80274836716297
gatsr_no_cbf,1,0.0,6,154,283.078061746497,1,0,0,0,0,-1.0,28.988065586240914
gatsr_no_cbf,1,0.0,7,198,312.42185210886805,1,0,0,0,0,-1.0,26.73508030229549
gatsr_no_cbf,1,0.0,8,86,46.863695246615265,0,11,1,0,0,-1.0,26.756000003187246
gatsr_no_cbf,1,0.0,9,180,297.3111759371523,1,0,0,0,0,-1.0,27.045084445530343
gatsr_no_cbf,1,0.5,0,148,265.1299359322283,1,0,0,0,0,-1.0,26.571952705224348
gatsr_no_cbf,1,0.5,1,177,115.16948256073059,0,5,1,0,0,-1.0,26.314076270032043
gatsr_no_cbf,1,0.5,2,206,318.0367508545158,1,0,0,0,0,-1.0,26.0879543719551
gatsr_no_cbf,1,0.5,3,225,322.4360519141108,1,0,0,0,0,-1.0,27.195320445009404
gatsr_no_cbf,1,0.5,4,217,322.9165404034654,1,0,0,0,0,-1.0,29.795689400218958
gatsr_no_cbf,1,0.5,5,160,288.2482601561826,1,0,0,0,0,-1.0,29.766267499144305
gatsr_no_cbf,1,0.5,6,156,285.1743175338953,1,0,0,0,0,-1.0,30.13202244041261
gatsr_no_cbf,1,0.5,7,200,314.1796086735352,1,0,0,0,0,-1.0,30.31910200166749
gatsr_no_cbf,1,0.5,8,112,234.95299433619675,1,0,0,0,0,-1.0,31.217247323573766
gatsr_no_cbf,1,0.5,9,160,113.4245796193757,0,12,1,0,0,-1.0,30.598351874868968
gatsr_no_cbf,1,1.0,0,159,275.7532778660916,1,0,0,0,0,-1.0,30.854942767262905
gatsr_no_cbf,1,1.0,1,174,103.54945801856141,0,20,1,0,0,-1.0,30.067844827854792
gatsr_no_cbf,1,1.0,2,196,308.330774162742,1,0,0,0,0,-1.0,32.60516173180136
gatsr_no_cbf,1,1.0,3,229,325.6615488900186,1,0,0,0,0,-1.0,51.775742794476514
gatsr_no_cbf,1,1.0,4,210,316.63083669593743,1,0,0,0,0,-1.0,38.903686665608326
gatsr_no_cbf,1,1.0,5,164,291.87542191634503,1,0,0,0,0,-1.0,29.503400610382215
gatsr_no_cbf,1,1.0,6,155,283.83990644076107,1,0,0,0,0,-1.0,31.61814064425867
gatsr_no_cbf,1,1.0,7,195,309.6618249905274,1,0,0,0,0,-1.0,32.73767076838666
gatsr_no_cbf,1,1.0,8,112,234.9666999727606,1,0,0,0,0,-1.0,30.28681786028236
gatsr_no_cbf,1,1.0,9,146,101.11797475785873,0,3,1,0,0,-1.0,30.004742464420627
gatsr_no_cbf,2,0.0,0,174,118.17617768283107,0,15,1,0,0,-1.0,29.880766090789766
gatsr_no_cbf,2,0.0,1,205,316.79639250255957,1,0,0,0,0,-1.0,29.769039998205788
gatsr_no_cbf,2,0.0,2,231,328.87768510190824,1,0,0,0,0,-1.0,29.953135498769146
gatsr_no_cbf,2,0.0,3,219,324.95392438653465,1,0,0,0,0,-1.0,29.412683100039864
gatsr_no_cbf,2,0.0,4,153,282.0581702333567,1,0,0,0,0,-1.0,32.402069935973834
gatsr_no_cbf,2,0.0,5,154,283.078061746497,1,0,0,0,0,-1.0,31.118701947263332
gatsr_no_cbf,2,0.0,6,198,312.42185210886805,1,0,0,0,0,-1.0,31.58424090478814
gatsr_no_cbf,2,0.0,7,82,45.88382461614603,0,8,1,0,0,-1.0,30.976915854120218
gatsr_no_cbf,2,0.0,8,180,297.3111759371523,1,0,0,0,0,-1.0,30.538810552550583
gatsr_no_cbf,2,0.0,9,93,4.117440413515737,0,2,1,0,0,-1.0,30.612461289556155
gatsr_no_cbf,2,0.5,0,177,117.44210361558663,0,7,1,0,0,-1.0,31.023817515069105
gatsr_no_cbf,2,0.5,1,206,318.0367508545158,1,0,0,0,0,-1.0,31.008469902693285
gatsr_no_cbf,2,0.5,2,225,322.4360519141108,1,0,0,0,0,-1.0,32.31850666589
gatsr_no_cbf,2,0.5,3,217,322.9165404034654,1,0,0,0,0,-1.0,29.339745159535603
gatsr_no_cbf,2,0.5,4,160,288.2482601561826,1,0,0,0,0,-1.0,36.175844374884036
gatsr_no_cbf,2,0.5,5,156,285.1743175338953,1,0,0,0,0,-1.0,42.74024102554764
gatsr_no_cbf,2,0.5,6,200,314.1796086735352,1,0,0,0,0,-1.0,42.081451501871925
gatsr_no_cbf,2,0.5,7,112,234.95299433619675,1,0,0,0,0,-1.0,35.73360892966905
gatsr_no_cbf,2,0.5,8,161,114.86049209297978,0,11,1,0,0,-1.0,28.117924846957514
gatsr_no_cbf,2,0.5,9,125,244.66749677427543,1,0,0,0,0,-1.0,28.66954960115254
gatsr_no_cbf,2,1.0,0,174,103.69229420243033,0,20,1,0,0,-1.0,29.72667011426997
gatsr_no_cbf,2,1.0,1,196,308.330774162742,1,0,0,0,0,-1.0,33.17138724348612
gatsr_no_cbf,2,1.0,2,229,325.6615488900186,1,0,0,0,0,-1.0,25.47703056665357
gatsr_no_cbf,2,1.0,3,210,316.63083669593743,1,0,0,0,0,-1.0,24.68998428666964
gatsr_no_cbf,2,1.0,4,164,291.87542191634503,1,0,0,0,0,-1.0,26.82577499696735
gatsr_no_cbf,2,1.0,5,155,283.83990644076107,1,0,0,0,0,-1.0,26.610501290809722
gatsr_no_cbf,2,1.0,6,195,309.6618249905274,1,0,0,0,0,-1.0,23.478216409253385
gatsr_no_cbf,2,1.0,7,112,234.9666999727606,1,0,0,0,0,-1.0,23.612114285892208
gatsr_no_cbf,2,1.0,8,147,101.12776487582742,0,12,1,0,0,-1.0,23.543581631443253
gatsr_no_cbf,2,1.0,9,122,241.58738349813595,1,0,0,0,0,-1.0,23.507121310580796
gatsr_no_layered,0,0.0,0,119,-6.569737455369307,0,8,4,3,42,1.0,23.701665545383296
gatsr_no_layered,0,0.0,1,106,-24.179840853752594,0,5,1,0,38,-1.0,23.667187733083683
gatsr_no_layered,0,0.0,2,136,-1.429344102363757,0,5,2,1,43,1.0,23.427493381057182
gatsr_no_layered,0,0.0,3,177,45.543550093468156,0,5,1,0,38,-1.0,23.449596610199134
gatsr_no_layered,0,0.0,4,123,-39.69647023642626,0,10,6,5,38,1.2,23.641726018660286
gatsr_no_layered,0,0.0,5,109,-46.589394377455676,0,5,1,0,37,-1.0,27.41409449596727
gatsr_no_layered,0,0.0,6,118,51.84366209317497,0,5,1,0,39,-1.0,26.737936437465407
gatsr_no_layered,0,0.0,7,174,98.64795269325188,0,5,1,0,35,-1.0,27.59125919533551
gatsr_no_layered,0,0.0,8,134,1.1725498723900785,0,4,1,0,35,-1.0,28.152437312893376
gatsr_no_layered,0,0.0,9,129,65.43387387359282,0,5,1,0,37,-1.0,26.939732556830542
gatsr_no_layered,0,0.5,0,122,-3.626861291811892,0,5,1,0,38,-1.0,27.184242621678706
gatsr_no_layered,0,0.5,1,98,-29.75590137539396,0,8,3,2,37,1.5,25.99217959118969
gatsr_no_layered,0,0.5,2,170,-3.9655034778481735,0,5,1,0,39,-1.0,23.80149705602568
gatsr_no_layered,0,0.5,3,133,-5.724088257061737,0,5,2,1,41,1.0,23.84261052602118
gatsr_no_layered,0,0.5,4,145,-26.648207148825023,0,4,1,0,38,-1.0,23.63644896580934
gatsr_no_layered,0,0.5,5,114,-43.533421351434534,0,9,5,4,39,1.0,23.828471928585746
gatsr_no_layered,0,0.5,6,149,119.79809804866105,0,10,6,5,38,1.2,24.277773153289978
gatsr_no_layered,0,0.5,7,128,2.3948030233376016,0,5,1,0,43,-1.0,23.40505234496959
gatsr_no_layered,0,0.5,8,143,3.6135463616622445,0,13,6,5,41,2.2,23.508635665846896
gatsr_no_layered,0,0.5,9,124,1.9107389249519144,0,9,5,4,37,1.0,23.40324597119639
gatsr_no_layered,0,1.0,0,136,8.405260803388785,0,5,1,0,42,-1.0,23.051731617563156
gatsr_no_layered,0,1.0,1,92,-33.93618273229258,0,5,1,0,34,-1.0,23.19599456361333
gatsr_no_layered,0,1.0,2,143,-21.67769381104604,0,5,1,0,48,-1.0,23.226927273900255
gatsr_no_layered,0,1.0,3,187,32.13735223661993,0,5,1,0,42,-1.0,23.43680748664948
gatsr_no_layered,0,1.0,4,134,-14.554827440421846,0,6,3,2,38,1.5,23.44512612143629
gatsr_no_layered,0,1.0,5,100,-52.41188266638388,0,6,1,0,42,-1.0,23.301694002584554
gatsr_no_layered,0,1.0,6,134,67.3079724389354,0,6,2,1,36,2.0,23.39839999939301
gatsr_no_layered,0,1.0,7,109,-13.105539948269879,0,5,2,1,42,1.0,23.457188072182888
gatsr_no_layered,0,1.0,8,224,78.74696710527664,0,5,2,1,42,1.0,23.61925669824164
gatsr_no_layered,0,1.0,9,155,79.02839913348126,0,13,9,8,40,1.25,23.336486453415766
gatsr_no_layered,1,0.0,0,113,-19.679989773400422,0,6,2,1,43,2.0,23.339024775319494
gatsr_no_layered,1,0.0,1,184,8.557358903208538,0,11,8,7,43,1.0,23.44572391650771
gatsr_no_layered,1,0.0,2,126,-13.199744686542786,0,5,2,1,46,1.0,23.595974603686333
gatsr_no_layered,1,0.0,3,128,-39.80731338222536,0,4,1,0,44,-1.0,23.490156249408756
gatsr_no_layered,1,0.0,4,102,-49.85012694122225,0,4,1,0,35,-1.0,23.595204904410696
gatsr_no_layered,1,0.0,5,145,112.81722871897894,0,8,4,3,39,1.0,23.40416965347811
gatsr_no_layered,1,0.0,6,131,6.559854939889917,0,4,1,0,37,-1.0,23.273535876602416
gatsr_no_layered,1,0.0,7,108,-21.143741916775113,0,7,3,2,44,1.0,23.3454592579855
gatsr_no_layered,1,0.0,8,112,59.053914685859965,0,7,3,2,42,1.5,23.508172322181053
gatsr_no_layered,1,0.0,9,107,-18.910156552845507,0,5,2,1,39,1.0,23.54840934113382
gatsr_no_layered,1,0.5,0,135,-2.0347384682118843,0,5,1,0,35,-1.0,23.5407659279493
gatsr_no_layered,1,0.5,1,113,-39.584729510433384,0,8,4,3,43,1.0,23.389686722168285
gatsr_no_layered,1,0.5,2,111,-24.85904698997416,0,8,4,3,39,1.0,23.41194774720583
gatsr_no_layered,1,0.5,3,139,-30.96234358295554,0,9,5,4,42,1.5,30.279835976288393
gatsr_no_layered,1,0.5,4,102,-51.25781385077645,0,5,1,0,43,-1.0,31.3706598033462
gatsr_no_layered,1,0.5,5,196,59.29687997291907,0,8,5,4,40,1.0,26.425204592001414
gatsr_no_layered,1,0.5,6,112,-11.890962828832997,0,5,1,0,44,-1.0,23.576245534578838
gatsr_no_layered,1,0.5,7,119,-12.435736385932998,0,4,1,0,42,-1.0,23.466808403971285
gatsr_no_layered,1,0.5,8,148,25.067372015979927,0,8,4,3,39,1.3333333333333333,23.78673581257022
gatsr_no_layered,1,0.5,9,122,-8.3354241498933,0,7,3,2,44,1.0,26.281304917485286
gatsr_no_layered,1,1.0,0,100,-28.717034433026825,0,5,1,0,33,-1.0,26.043054999317974
gatsr_no_layered,1,1.0,1,129,-30.281696929192137,0,6,2,1,42,1.0,25.55970930270562
gatsr_no_layered,1,1.0,2,111,-25.739943285916496,0,5,1,0,43,-1.0,23.551565768020982
gatsr_no_layered,1,1.0,3,115,-44.76214966018978,0,5,2,1,44,1.0,23.55003217285823
gatsr_no_layered,1,1.0,4,146,-23.392714503395126,0,9,4,3,37,1.3333333333333333,23.68323904045934
gatsr_no_layered,1,1.0,5,145,12.91980396031309,0,4,1,0,40,-1.0,23.62037792938344
gatsr_no_layered,1,1.0,6,108,-13.996184022943197,0,5,1,0,45,-1.0,23.44763796362612
gatsr_no_layered,1,1.0,7,133,-0.4870399560045797,0,9,6,5,37,1.0,23.61024887287023
gatsr_no_layered,1,1.0,8,145,76.96098677527338,0,12,7,6,32,1.6666666666666667,23.34935654934239
gatsr_no_layered,1,1.0,9,121,-9.330336342575151,0,5,1,0,45,-1.0,23.391237193314467
gatsr_no_layered,2,0.0,0,160,-7.965908249045697,0,4,1,0,43,-1.0,23.556548124543042
gatsr_no_layered,2,0.0,1,118,-18.66035462748158,0,5,1,0,38,-1.0,23.396911863158692
gatsr_no_layered,2,0.0,2,111,-47.65989896343751,0,7,4,3,40,1.0,23.30736306219085
gatsr_no_layered,2,0.0,3,115,-42.856663851340095,0,5,2,1,37,1.0,23.352978265155915
gatsr_no_layered,2,0.0,4,152,21.375206112693235,0,4,1,0,40,-1.0,23.282507237270597
gatsr_no_layered,2,0.0,5,115,-8.677750669880268,0,5,1,0,43,-1.0,23.24292086692446
gatsr_no_layered,2,0.0,6,103,-24.92958258845158,0,5,1,0,39,-1.0,23.41882426809357
gatsr_no_layered,2,0.0,7,113,60.60359014656916,0,5,1,0,38,-1.0,23.493174338338285
gatsr_no_layered,2,0.0,8,115,-12.446387552685607,0,5,1,0,44,-1.0,23.469743477787983
gatsr_no_layered,2,0.0,9,161,29.775871849248105,0,6,2,1,39,2.0,24.061199380677795
gatsr_no_layered,2,0.5,0,108,-42.72455905094321,0,6,2,1,39,1.0,25.902612038340454
gatsr_no_layered,2,0.5,1,132,-8.651533567320683,0,6,3,2,40,1.0,26.80554999537752
gatsr_no_layered,2,0.5,2,101,-53.42342130356784,0,5,1,0,45,-1.0,26.341642573531164
gatsr_no_layered,2,0.5,3,96,-52.50222049338853,0,4,1,0,43,-1.0,26.297719792031177
gatsr_no_layered,2,0.5,4,178,44.170229797071045,0,5,1,0,42,-1.0,26.197649438452142
gatsr_no_layered,2,0.5,5,96,2.1692301002700987,0,4,1,0,41,-1.0,26.623246875412104
gatsr_no_layered,2,0.5,6,105,-21.969137292208245,0,4,1,0,37,-1.0,25.58825143025301
gatsr_no_layered,2,0.5,7,137,84.71929152277728,0,15,11,10,36,1.2,23.552013865763826
gatsr_no_layered,2,0.5,8,132,-0.03359069689948058,0,5,2,1,39,1.0,23.595291669621613
gatsr_no_layered,2,0.5,9,136,36.24880781100897,0,5,1,0,47,-1.0,23.361374999855315
gatsr_no_layered,2,1.0,0,122,-34.10847511168589,0,5,1,0,44,-1.0,23.334453277934923
gatsr_no_layered,2,1.0,1,111,-25.168871401807166,0,6,2,1,42,1.0,23.39888828479358
gatsr_no_layered,2,1.0,2,119,-42.625274607362726,0,12,7,6,40,1.5,23.483957145402222
gatsr_no_layered,2,1.0,3,146,-23.32812924460903,0,9,5,4,35,1.0,23.43859931426952
gatsr_no_layered,2,1.0,4,151,18.003074297429592,0,5,2,1,37,2.0,23.308090727995243
gatsr_no_layered,2,1.0,5,147,18.2203074301556,0,12,8,7,37,1.0,23.410708163579812
gatsr_no_layered,2,1.0,6,105,-23.581634949990047,0,5,1,0,39,-1.0,23.718495237907128
gatsr_no_layered,2,1.0,7,144,96.54396753504432,0,10,7,6,38,1.1666666666666667,23.427566667022703
gatsr_no_layered,2,1.0,8,74,-48.33268732086532,0,7,1,0,42,-1.0,23.216718922658647
gatsr_no_layered,2,1.0,9,75,-42.65913852951337,0,5,1,0,45,-1.0,23.04012533587714
